requested_code,cancer_code,request_kind,normalization,available,missing_reason,source_cohort,source_project,source_version,source_pmid,source_type,source_unit,source_scale_class,linear_tpm_comparable,tumor_origin,metastasis_site,n_reference_genes,n_reference_samples,n_samples,n_detected,processing_pipeline,notes,reference_method,sample_qc,sample_qc_effective,artifact_sample_qc,artifact_schema_version,data_version,source_matrix_version
ACC,ACC,default_available,tpm_clean,True,,TREEHOUSE_POLYA_25_01_TCGA_SAMPLES,Treehouse (TCGA samples),,,treehouse-compendium,log2(TPM+1),linear_rnaseq_tpm,True,mixed,,,77,77,,Treehouse Tumor Compendium 25.01 PolyA samples selected by TCGA provenance (hugo_log2tpm_58581genes_2025-02-27); downloaded from public.gi.ucsc.edu/~ekephart/public-data/; HUGO symbols harmonized to Ensembl release 112; log2(TPM+1) inverse-transformed,"TCGA-only subset of the Treehouse 25.01 PolyA compendium. Samples are selected by matching the Treehouse clinical disease label and requiring `th_dataset_id` to start with `TCGA`. This deliberately excludes GBM/LGG, SARC, and subtype cohorts that require additional cBioPortal, GDC, or histology side tables; those remain source-specific follow-ups under oncoref#296. Uses its own source_cohort so a future authoritative GDC STAR-counts build can coexist without clobbering Treehouse-derived artifacts.",percentile_shard,pass,pass,pass,cancer_reference_expression_v5,5.23.25,5.22.14
ACINIC,ACINIC,default_available,tpm_clean,True,,GSE294016_BARTL_2025_SGC,GEO,Bartl 2025 Supplementary Dataset 1 Table 1 diagnosis mapping,,geo-matrix,TPM,linear_rnaseq_tpm,True,mixed,,,2,2,,gse294016_bartl_2025_diagnosis_split_tpm_to_tpm_oncoref_canonical_clean_tpm_16_9_75,"Bartl 2025 salivary-gland cancer bulk RNA-seq panel: 95 matrix rows from 93 RNA-sequenced patients. Supplementary Dataset 1 Table 1 routes ACC to ADCC (n=57, including repeated P-58 and P-77 biopsies) and AciCC to ACINIC (n=3). The remaining 35 adenocarcinoma, BCC, CEPA, MEC, SDC, mesenchymal, and other samples are excluded from histology-specific artifacts. The matrix is transposed (rows = samples, cols = versioned Ensembl IDs).",percentile_shard,pass,pass,pass,cancer_reference_expression_v5,5.23.25,5.22.14
ADCC,ADCC,default_available,tpm_clean,True,,GSE294016_BARTL_2025_SGC,GEO,Bartl 2025 Supplementary Dataset 1 Table 1 diagnosis mapping,,geo-matrix,TPM,linear_rnaseq_tpm,True,mixed,,,57,57,,gse294016_bartl_2025_diagnosis_split_tpm_to_tpm_oncoref_canonical_clean_tpm_16_9_75,"Bartl 2025 salivary-gland cancer bulk RNA-seq panel: 95 matrix rows from 93 RNA-sequenced patients. Supplementary Dataset 1 Table 1 routes ACC to ADCC (n=57, including repeated P-58 and P-77 biopsies) and AciCC to ACINIC (n=3). The remaining 35 adenocarcinoma, BCC, CEPA, MEC, SDC, mesenchymal, and other samples are excluded from histology-specific artifacts. The matrix is transposed (rows = samples, cols = versioned Ensembl IDs).",percentile_shard,pass,pass,pass,cancer_reference_expression_v5,5.23.25,5.22.14
ATRT,ATRT,default_available,tpm_clean,True,,TREEHOUSE_POLYA_25_01,Treehouse,,,treehouse-compendium,log2(TPM+1),linear_rnaseq_tpm,True,mixed,,,4,4,,Treehouse Tumor Compendium 25.01 PolyA (hugo_log2tpm_58581genes_2025-02-27); downloaded from public.gi.ucsc.edu/~ekephart/public-data/; HUGO symbols harmonized to Ensembl release 112; log2(TPM+1) inverse-transformed,"13,359 samples × 58,581 genes; matrix is RSEM log2(TPM+1) keyed by HUGO symbol. Builder inverse-transforms to TPM, subsets by `clinical.disease == <label>`, harmonizes HUGO to Ensembl release 112, sums TPM across symbols that collapse to the same ENSG, then applies the canonical 16/9/75 clean-TPM transform. Every measured censored gene receives the same Treehouse PolyA reference composition before stat summarization. Same builder is parameterized for every Treehouse cancer code listed above. Samples with TCGA provenance (~9,500 samples) are extracted from this same file by `scripts/sweep_treehouse_tcga_cohorts.py` and tagged `source_cohort=TREEHOUSE_POLYA_25_01_TCGA_SAMPLES` so a future authoritative GDC build can land alongside without clobbering.",percentile_shard,pass,pass,pass,cancer_reference_expression_v5,5.23.25,5.22.14
BCC,BCC,default_available,tpm_clean,False,artifact_sample_qc_mismatch,GSE125285_BCC_CSCC,GEO,,PMID:33997165,geo-rnaseq-cpm-proxy,nCPM proxy,bulk_rnaseq_cpm_proxy,False,primary,,,25,25,,gse125285_log2_cpm_inverse_ncpm_proxy_ensembl112_clean_tpm_16_9_75,"Select the 25 diagnosis-confirmed BCC tumors and 10 diagnosis-confirmed cSCC tumors from the 70-sample paired study; retain all 35 matched adjacent normals as explicit exclusions. Invert author log2(CPM+1) and rescale each tumor to nCPM. The result preserves within-sample ranks but lacks gene-length normalization, so it is neither bulk-TPM comparable nor, by itself, classification-ready.",percentile_shard,pass,pass,pass_or_warn,cancer_reference_expression_v5,5.23.25,5.22.14
BL,BL,default_available,tpm_clean,True,,CGCI_BLGSP,CGCI Burkitt Lymphoma Genome Sequencing Project,"GDC STAR - Counts, GENCODE v36; Ensembl IDs harmonized to Ensembl release 112; queried 2026-05-19",,gdc,TPM,linear_rnaseq_tpm,True,,,,182,182,,gdc_star_counts_tpm_ensembl112_clean_tpm_16_9_75,Open GDC CGCI-BLGSP STAR-counts TPMs; one deterministic primary Burkitt/Burkitt-like tumor sample per case; source matrix n=184 and released reference artifacts use 182 sample_expression_qc_v3 pass samples.,percentile_shard,pass,pass,pass,cancer_reference_expression_v5,5.23.25,5.22.14
BLCA,BLCA,default_available,tpm_clean,True,,TREEHOUSE_POLYA_25_01_TCGA_SAMPLES,Treehouse (TCGA samples),,,treehouse-compendium,log2(TPM+1),linear_rnaseq_tpm,True,mixed,,,407,407,,Treehouse Tumor Compendium 25.01 PolyA samples selected by TCGA provenance (hugo_log2tpm_58581genes_2025-02-27); downloaded from public.gi.ucsc.edu/~ekephart/public-data/; HUGO symbols harmonized to Ensembl release 112; log2(TPM+1) inverse-transformed,"TCGA-only subset of the Treehouse 25.01 PolyA compendium. Samples are selected by matching the Treehouse clinical disease label and requiring `th_dataset_id` to start with `TCGA`. This deliberately excludes GBM/LGG, SARC, and subtype cohorts that require additional cBioPortal, GDC, or histology side tables; those remain source-specific follow-ups under oncoref#296. Uses its own source_cohort so a future authoritative GDC STAR-counts build can coexist without clobbering Treehouse-derived artifacts.",percentile_shard,pass,pass,pass,cancer_reference_expression_v5,5.23.25,5.22.14
BRCA,BRCA,default_available,tpm_clean,True,,TREEHOUSE_POLYA_25_01_TCGA_SAMPLES,Treehouse (TCGA samples),,,treehouse-compendium,log2(TPM+1),linear_rnaseq_tpm,True,mixed,,,1098,1098,,Treehouse Tumor Compendium 25.01 PolyA samples selected by TCGA provenance (hugo_log2tpm_58581genes_2025-02-27); downloaded from public.gi.ucsc.edu/~ekephart/public-data/; HUGO symbols harmonized to Ensembl release 112; log2(TPM+1) inverse-transformed,"TCGA-only subset of the Treehouse 25.01 PolyA compendium. Samples are selected by matching the Treehouse clinical disease label and requiring `th_dataset_id` to start with `TCGA`. This deliberately excludes GBM/LGG, SARC, and subtype cohorts that require additional cBioPortal, GDC, or histology side tables; those remain source-specific follow-ups under oncoref#296. Uses its own source_cohort so a future authoritative GDC STAR-counts build can coexist without clobbering Treehouse-derived artifacts.",percentile_shard,pass,pass,pass,cancer_reference_expression_v5,5.23.25,5.22.14
BRCA_Basal,BRCA_Basal,default_available,tpm_clean,True,,TREEHOUSE_POLYA_25_01_TCGA_BRCA_PAM50,Treehouse (TCGA-BRCA) x cBioPortal PAM50,,,treehouse-compendium,log2(TPM+1),linear_rnaseq_tpm,True,primary,,,172,172,,Treehouse Tumor Compendium 25.01 PolyA TCGA-BRCA samples × cBioPortal brca_tcga_pan_can_atlas_2018 PAM50 calls (Hoadley 2018 PMID 29625050); HUGO symbols harmonized to Ensembl release 112; log2(TPM+1) inverse-transformed,Treehouse carries TCGA-BRCA samples in the parent breast invasive carcinoma disease bucket. This source joins each TCGA sample barcode prefix to cBioPortal PanCancer Atlas patient SUBTYPE calls and routes the five PAM50 cohorts separately. It uses a distinct source_cohort from the unsplit BRCA cohort so subtype-derived references remain auditable.,percentile_shard,pass,pass,pass,cancer_reference_expression_v5,5.23.25,5.22.14
BRCA_HER2,BRCA_HER2,default_available,tpm_clean,True,,TREEHOUSE_POLYA_25_01_TCGA_BRCA_PAM50,Treehouse (TCGA-BRCA) x cBioPortal PAM50,,,treehouse-compendium,log2(TPM+1),linear_rnaseq_tpm,True,primary,,,77,77,,Treehouse Tumor Compendium 25.01 PolyA TCGA-BRCA samples × cBioPortal brca_tcga_pan_can_atlas_2018 PAM50 calls (Hoadley 2018 PMID 29625050); HUGO symbols harmonized to Ensembl release 112; log2(TPM+1) inverse-transformed,Treehouse carries TCGA-BRCA samples in the parent breast invasive carcinoma disease bucket. This source joins each TCGA sample barcode prefix to cBioPortal PanCancer Atlas patient SUBTYPE calls and routes the five PAM50 cohorts separately. It uses a distinct source_cohort from the unsplit BRCA cohort so subtype-derived references remain auditable.,percentile_shard,pass,pass,pass,cancer_reference_expression_v5,5.23.25,5.22.14
BRCA_LumA,BRCA_LumA,default_available,tpm_clean,True,,TREEHOUSE_POLYA_25_01_TCGA_BRCA_PAM50,Treehouse (TCGA-BRCA) x cBioPortal PAM50,,,treehouse-compendium,log2(TPM+1),linear_rnaseq_tpm,True,primary,,,501,501,,Treehouse Tumor Compendium 25.01 PolyA TCGA-BRCA samples × cBioPortal brca_tcga_pan_can_atlas_2018 PAM50 calls (Hoadley 2018 PMID 29625050); HUGO symbols harmonized to Ensembl release 112; log2(TPM+1) inverse-transformed,Treehouse carries TCGA-BRCA samples in the parent breast invasive carcinoma disease bucket. This source joins each TCGA sample barcode prefix to cBioPortal PanCancer Atlas patient SUBTYPE calls and routes the five PAM50 cohorts separately. It uses a distinct source_cohort from the unsplit BRCA cohort so subtype-derived references remain auditable.,percentile_shard,pass,pass,pass,cancer_reference_expression_v5,5.23.25,5.22.14
BRCA_LumB,BRCA_LumB,default_available,tpm_clean,True,,TREEHOUSE_POLYA_25_01_TCGA_BRCA_PAM50,Treehouse (TCGA-BRCA) x cBioPortal PAM50,,,treehouse-compendium,log2(TPM+1),linear_rnaseq_tpm,True,primary,,,199,199,,Treehouse Tumor Compendium 25.01 PolyA TCGA-BRCA samples × cBioPortal brca_tcga_pan_can_atlas_2018 PAM50 calls (Hoadley 2018 PMID 29625050); HUGO symbols harmonized to Ensembl release 112; log2(TPM+1) inverse-transformed,Treehouse carries TCGA-BRCA samples in the parent breast invasive carcinoma disease bucket. This source joins each TCGA sample barcode prefix to cBioPortal PanCancer Atlas patient SUBTYPE calls and routes the five PAM50 cohorts separately. It uses a distinct source_cohort from the unsplit BRCA cohort so subtype-derived references remain auditable.,percentile_shard,pass,pass,pass,cancer_reference_expression_v5,5.23.25,5.22.14
BRCA_Normal,BRCA_Normal,default_available,tpm_clean,True,,TREEHOUSE_POLYA_25_01_TCGA_BRCA_PAM50,Treehouse (TCGA-BRCA) x cBioPortal PAM50,,,treehouse-compendium,log2(TPM+1),linear_rnaseq_tpm,True,primary,,,35,35,,Treehouse Tumor Compendium 25.01 PolyA TCGA-BRCA samples × cBioPortal brca_tcga_pan_can_atlas_2018 PAM50 calls (Hoadley 2018 PMID 29625050); HUGO symbols harmonized to Ensembl release 112; log2(TPM+1) inverse-transformed,Treehouse carries TCGA-BRCA samples in the parent breast invasive carcinoma disease bucket. This source joins each TCGA sample barcode prefix to cBioPortal PanCancer Atlas patient SUBTYPE calls and routes the five PAM50 cohorts separately. It uses a distinct source_cohort from the unsplit BRCA cohort so subtype-derived references remain auditable.,percentile_shard,pass,pass,pass,cancer_reference_expression_v5,5.23.25,5.22.14
BRCA_TNBC,BRCA_TNBC,default_available,tpm_clean,True,,TREEHOUSE_POLYA_25_01_TCGA_BRCA_TNBC,Treehouse (TCGA-BRCA) x cBioPortal receptor status,Treehouse 25.01 PolyA; BRCA source-v5.22.10; cBioPortal datahub 0cc9138746c08b304f8dac92c31983e0ef44af1d,PMID:23000897,source-matrix-subset,TPM,linear_rnaseq_tpm,True,primary,,,157,157,,157 primary tumors from released BRCA source-v5.22.10; ER/PR IHC and HER2 IHC/FISH categorical status from pinned cBioPortal brca_tcga; all 1099 parent columns audited; 77 primary cases indeterminate; overlaps PAM50 cohorts; Ensembl IDs harmonized to release 112,Exact column subset of the checksum-pinned released BRCA raw TPM matrix. Select primary tumor barcodes only and require reported ER-negative and PR-negative IHC plus negative HER2 resolved from IHC/FISH categories. Definite FISH resolves missing/equivocal/indeterminate IHC; conflicting definite IHC/FISH calls remain indeterminate. Never impute from PAM50 or expression. Preserve all parent samples and exclusion reasons in the membership audit. 157 primary TNBC tumors; 77 primary cases indeterminate. Overlaps the BRCA umbrella and PAM50 cohorts; never sum their counts. See docs/audits/brca-tnbc.md for pinned inputs and reproduction commands.,percentile_shard,pass,pass,pass,cancer_reference_expression_v5,5.23.25,5.22.14
B_ALL,B_ALL,default_available,tpm_clean,True,,TARGET_ALL_2018,TARGET ALL,,,gdc,TPM,linear_rnaseq_tpm,True,,,,153,153,,gdc_star_counts_tpm_ensembl112_clean_tpm_16_9_75,"Three TARGET ALL phases merged. GDC diagnoses do not encode B/T lineage; the builder routes cases from the public Phase 1/2 sample-matrix ""Cell of origin"" comments.",percentile_shard,pass,pass,pass,cancer_reference_expression_v5,5.23.25,5.22.14
CESC,CESC,default_available,tpm_clean,True,,TREEHOUSE_POLYA_25_01_TCGA_SAMPLES,Treehouse (TCGA samples),,,treehouse-compendium,log2(TPM+1),linear_rnaseq_tpm,True,mixed,,,306,306,,Treehouse Tumor Compendium 25.01 PolyA samples selected by TCGA provenance (hugo_log2tpm_58581genes_2025-02-27); downloaded from public.gi.ucsc.edu/~ekephart/public-data/; HUGO symbols harmonized to Ensembl release 112; log2(TPM+1) inverse-transformed,"TCGA-only subset of the Treehouse 25.01 PolyA compendium. Samples are selected by matching the Treehouse clinical disease label and requiring `th_dataset_id` to start with `TCGA`. This deliberately excludes GBM/LGG, SARC, and subtype cohorts that require additional cBioPortal, GDC, or histology side tables; those remain source-specific follow-ups under oncoref#296. Uses its own source_cohort so a future authoritative GDC STAR-counts build can coexist without clobbering Treehouse-derived artifacts.",percentile_shard,pass,pass,pass,cancer_reference_expression_v5,5.23.25,5.22.14
CHOL,CHOL,default_available,tpm_clean,True,,TREEHOUSE_POLYA_25_01_TCGA_SAMPLES,Treehouse (TCGA samples),,,treehouse-compendium,log2(TPM+1),linear_rnaseq_tpm,True,mixed,,,36,36,,Treehouse Tumor Compendium 25.01 PolyA samples selected by TCGA provenance (hugo_log2tpm_58581genes_2025-02-27); downloaded from public.gi.ucsc.edu/~ekephart/public-data/; HUGO symbols harmonized to Ensembl release 112; log2(TPM+1) inverse-transformed,"TCGA-only subset of the Treehouse 25.01 PolyA compendium. Samples are selected by matching the Treehouse clinical disease label and requiring `th_dataset_id` to start with `TCGA`. This deliberately excludes GBM/LGG, SARC, and subtype cohorts that require additional cBioPortal, GDC, or histology side tables; those remain source-specific follow-ups under oncoref#296. Uses its own source_cohort so a future authoritative GDC STAR-counts build can coexist without clobbering Treehouse-derived artifacts.",percentile_shard,pass,pass,pass,cancer_reference_expression_v5,5.23.25,5.22.14
CLL,CLL,default_available,tpm_clean,True,,CLLMAP_2022,CLL-map,,,geo-matrix,TPM,linear_rnaseq_tpm,True,,,,708,708,,cllmap_raw_tpm_gencode19_ensembl112_clean_tpm_16_9_75,Single bundled TPM TSV; GENCODE v19 IDs harmonized to Ensembl 112.,percentile_shard,pass,pass,pass,cancer_reference_expression_v5,5.23.25,5.22.14
CML,CML,default_available,tpm_clean,True,,GSE100026_DING_2017,GEO,,,geo-matrix,RPKM,linear_rnaseq_tpm,True,,,,5,5,,geo_heme_expression_ensembl112_clean_tpm_16_9_75,"Peripheral blood mononuclear cells; chronic-phase CML samples only (title prefix CML-CP); RPKM → TPM within retained, uniquely Ensembl-harmonized genes.",percentile_shard,pass,pass,pass,cancer_reference_expression_v5,5.23.25,5.22.14
CMN,CMN,default_available,tpm_clean,False,artifact_sample_qc_mismatch,GSE11482_GADD_2010_CMN,GEO,,,geo-microarray,TPM proxy,microarray_tpm_proxy,False,primary,,,12,12,,GPL96 series-matrix log2 intensity to TPM proxy; Ensembl 112,Twelve pretreatment cellular CMNs with at least 80% viable tumor. Affymetrix HG-U133A intensity is converted to a within-sample TPM proxy for cross-platform marker and rank validation. It is not absolute RNA-seq TPM and must not be pooled into RNA-seq centroids.,percentile_shard,pass,pass,pass_or_warn,cancer_reference_expression_v5,5.23.25,5.22.14
COAD,COAD,default_available,tpm_clean,True,,TREEHOUSE_POLYA_25_01_TCGA_SAMPLES,Treehouse (TCGA samples),,,treehouse-compendium,log2(TPM+1),linear_rnaseq_tpm,True,mixed,,,290,290,,Treehouse Tumor Compendium 25.01 PolyA samples selected by TCGA provenance (hugo_log2tpm_58581genes_2025-02-27); downloaded from public.gi.ucsc.edu/~ekephart/public-data/; HUGO symbols harmonized to Ensembl release 112; log2(TPM+1) inverse-transformed,"TCGA-only subset of the Treehouse 25.01 PolyA compendium. Samples are selected by matching the Treehouse clinical disease label and requiring `th_dataset_id` to start with `TCGA`. This deliberately excludes GBM/LGG, SARC, and subtype cohorts that require additional cBioPortal, GDC, or histology side tables; those remain source-specific follow-ups under oncoref#296. Uses its own source_cohort so a future authoritative GDC STAR-counts build can coexist without clobbering Treehouse-derived artifacts.",percentile_shard,pass,pass,pass,cancer_reference_expression_v5,5.23.25,5.22.14
COAD_MSI,COAD_MSI,default_available,tpm_clean,True,,TREEHOUSE_POLYA_25_01_TCGA_COADREAD_MSI,Treehouse (TCGA-COAD/READ) x cBioPortal MSIsensor,,,treehouse-compendium,log2(TPM+1),linear_rnaseq_tpm,True,primary,,,50,50,,Treehouse 25.01 PolyA TCGA-COAD/READ samples split by cBioPortal coadread_tcga_pan_can_atlas_2018 MSIsensor score (>=10 = MSI-H); HUGO symbols harmonized to Ensembl release 112,"Treehouse carries TCGA-COAD and TCGA-READ samples in separate colon and rectum disease buckets. This source joins each TCGA sample barcode prefix to cBioPortal PanCancer Atlas sample-level MSIsensor scores and routes MSI-H as MSI_SENSOR_SCORE >= 10, matching the existing oncoref TREEHOUSE_POLYA_25_01_TCGA_COADREAD_MSI source-cohort provenance. MSS rows use MSI_SENSOR_SCORE < 10.",percentile_shard,pass,pass,pass,cancer_reference_expression_v5,5.23.25,5.22.14
COAD_MSS,COAD_MSS,default_available,tpm_clean,True,,TREEHOUSE_POLYA_25_01_TCGA_COADREAD_MSI,Treehouse (TCGA-COAD/READ) x cBioPortal MSIsensor,,,treehouse-compendium,log2(TPM+1),linear_rnaseq_tpm,True,primary,,,226,226,,Treehouse 25.01 PolyA TCGA-COAD/READ samples split by cBioPortal coadread_tcga_pan_can_atlas_2018 MSIsensor score (>=10 = MSI-H); HUGO symbols harmonized to Ensembl release 112,"Treehouse carries TCGA-COAD and TCGA-READ samples in separate colon and rectum disease buckets. This source joins each TCGA sample barcode prefix to cBioPortal PanCancer Atlas sample-level MSIsensor scores and routes MSI-H as MSI_SENSOR_SCORE >= 10, matching the existing oncoref TREEHOUSE_POLYA_25_01_TCGA_COADREAD_MSI source-cohort provenance. MSS rows use MSI_SENSOR_SCORE < 10.",percentile_shard,pass,pass,pass,cancer_reference_expression_v5,5.23.25,5.22.14
CRANIO,CRANIO,default_available,tpm_clean,True,,OPENPBTA_V23_CBTN_CRANIO,OpenPBTA,release-v23-20230115,PMID:37492101,openpbta-rnaseq-rsem,RSEM TPM,linear_rnaseq_tpm,True,primary,,,29,29,,openpbta_v23_primary_cranio_stranded_rsem_tpm_ensembl112_clean_tpm_16_9_75,"Select the 29 independent CBTN solid-tissue initial CNS tumors harmonized by OpenPBTA as craniopharyngioma, all from the stranded RSEM-TPM matrix. Retain three recurrent and four progressive craniopharyngiomas as explicit exclusions. Twenty selected tumors are adamantinomatous and nine are not molecularly classified; no papillary tumors are represented, so subtype status is never inferred. This direct pediatric cohort remains reference-only rather than independently classification-ready.",percentile_shard,pass,pass,pass,cancer_reference_expression_v5,5.23.25,5.22.14
CTCL,CTCL,default_available,tpm_clean,True,,GSE171811_ECCITE_CTCL,GEO,,,geo,nTPM (pseudobulk),scrna_tcr_pseudobulk_ntpm,False,primary,,,7,7,,gse171811_ctcl_scrna_tcrb_pseudobulk_ntpm_ensembl112_clean_tpm_16_9_75,scRNA + TCR-β ECCITE-seq; pseudobulk per donor; output is nTPM.,percentile_shard,pass,pass,pass,cancer_reference_expression_v5,5.23.25,5.22.14
DIPG,DIPG,default_available,tpm_clean,True,,OPENPBTA_V23_DIPG_H3K27,OpenPBTA,release-v23-20230115,PMID:37492101,openpbta-rnaseq-rsem,RSEM TPM,linear_rnaseq_tpm,True,primary,,,32,32,,openpbta_v23_primary_dipg_h3k27_polya_stranded_rsem_tpm_ensembl112_clean_tpm_16_9_75,"Select one initial solid-tumor profile for each of 32 independent donors whose pathology diagnosis is diffuse intrinsic pontine glioma and whose OpenPBTA integrated and harmonized diagnoses are both H3 K28-mutant (the source label for the canonical H3 K27-altered entity). Prefer the poly-A profile when the same donor also has a stranded library. Retain all 51 RNA-sequenced DIPG-pathology specimens in the audit manifest, explicitly excluding 13 without the canonical H3-altered diagnosis, four non-initial H3-altered tumors, and two duplicate-library profiles. The mixed-library direct cohort remains reference-only rather than independently classification-ready.",percentile_shard,pass,pass,pass,cancer_reference_expression_v5,5.23.25,5.22.14
DLBC,DLBC,default_available,tpm_clean,True,,TREEHOUSE_POLYA_25_01_TCGA_SAMPLES,Treehouse (TCGA samples),,,treehouse-compendium,log2(TPM+1),linear_rnaseq_tpm,True,mixed,,,47,47,,Treehouse Tumor Compendium 25.01 PolyA samples selected by TCGA provenance (hugo_log2tpm_58581genes_2025-02-27); downloaded from public.gi.ucsc.edu/~ekephart/public-data/; HUGO symbols harmonized to Ensembl release 112; log2(TPM+1) inverse-transformed,"TCGA-only subset of the Treehouse 25.01 PolyA compendium. Samples are selected by matching the Treehouse clinical disease label and requiring `th_dataset_id` to start with `TCGA`. This deliberately excludes GBM/LGG, SARC, and subtype cohorts that require additional cBioPortal, GDC, or histology side tables; those remain source-specific follow-ups under oncoref#296. Uses its own source_cohort so a future authoritative GDC STAR-counts build can coexist without clobbering Treehouse-derived artifacts.",percentile_shard,pass,pass,pass,cancer_reference_expression_v5,5.23.25,5.22.14
EPN,EPN,default_available,tpm_clean,False,artifact_sample_qc_mismatch,GSE141460_GOJO_2020_EPN,GEO,,PMID:32663469,geo-scrna-pseudobulk,nTPM (malignant-cell mean pseudobulk),scrna_malignant_cell_mean_tpm_pseudobulk,False,primary,,,11,11,,gse141460_diagnosis_malignant_cell_mean_tpm_pseudobulk_ensembl112_clean_tpm_16_9_75,"Join the 28 patient tissue matrices to checksum-pinned clinical Table S1. Retain only the 11 diagnosis-stage specimens containing author-labeled malignant cells; preserve 15 recurrent specimens and two diagnostic normal-only specimens as explicit exclusions. Average author per-cell TPM within each included patient and rescale to nTPM. Exclude cell lines and PDXs. The direct EPN pseudobulk is neither bulk-TPM comparable nor, by itself, classification-ready.",percentile_shard,pass,pass,pass_or_warn,cancer_reference_expression_v5,5.23.25,5.22.14
ESCA,ESCA,default_available,tpm_clean,True,,TREEHOUSE_POLYA_25_01_TCGA_SAMPLES,Treehouse (TCGA samples),,,treehouse-compendium,log2(TPM+1),linear_rnaseq_tpm,True,mixed,,,182,182,,Treehouse Tumor Compendium 25.01 PolyA samples selected by TCGA provenance (hugo_log2tpm_58581genes_2025-02-27); downloaded from public.gi.ucsc.edu/~ekephart/public-data/; HUGO symbols harmonized to Ensembl release 112; log2(TPM+1) inverse-transformed,"TCGA-only subset of the Treehouse 25.01 PolyA compendium. Samples are selected by matching the Treehouse clinical disease label and requiring `th_dataset_id` to start with `TCGA`. This deliberately excludes GBM/LGG, SARC, and subtype cohorts that require additional cBioPortal, GDC, or histology side tables; those remain source-specific follow-ups under oncoref#296. Uses its own source_cohort so a future authoritative GDC STAR-counts build can coexist without clobbering Treehouse-derived artifacts.",percentile_shard,pass,pass,pass,cancer_reference_expression_v5,5.23.25,5.22.14
FL,FL,default_available,tpm_clean,True,,GSE142334_FL_TFL_2021,GEO,,,geo-matrix,raw_counts,linear_rnaseq_tpm,True,,,,6,6,,PMID 33569544 (FL/tFL paired bulk RNA-seq); gene-id-type=ensembl; unit=raw_counts; harmonized to Ensembl release 112,Paired biopsies; 6 FL (sample IDs end F) used; 6 transformed-FL (suffix T) excluded by sample_filter. HTSeq raw counts (Ensembl with version suffix) → length-normalized → per-sample TPM.,percentile_shard,pass,pass,pass,cancer_reference_expression_v5,5.23.25,5.22.14
GBC,GBC,default_available,tpm_clean,True,,GSE139682_GBC,GEO,,PMID:31792210,geo-rnaseq-rpkm,RPKM-derived TPM,linear_rnaseq_tpm,True,primary,,,10,10,,gse139682_rpkm_to_tpm_ensembl112_clean_tpm_16_9_75,Select all 10 primary gallbladder tumors and retain all 10 matched normal gallbladder samples as explicit exclusions. Renormalize author RPKM to TPM within each tumor sample. This direct n=10 reference is kept reference-only rather than treated as independently classification-ready.,percentile_shard,pass,pass,pass,cancer_reference_expression_v5,5.23.25,5.22.14
GBM,GBM,default_available,tpm_clean,True,,TREEHOUSE_POLYA_25_01_TCGA_SAMPLES,Treehouse (TCGA samples),,,treehouse-compendium,log2(TPM+1),linear_rnaseq_tpm,True,mixed,,,166,166,,Treehouse Tumor Compendium 25.01 PolyA samples selected by TCGA provenance (hugo_log2tpm_58581genes_2025-02-27); downloaded from public.gi.ucsc.edu/~ekephart/public-data/; HUGO symbols harmonized to Ensembl release 112; log2(TPM+1) inverse-transformed,"Treehouse labels TCGA-GBM and TCGA-LGG samples with the shared disease label `glioma`. This source splits that bucket by joining each Treehouse TCGA sample barcode prefix to a cached GDC case-to-project lookup, then routes TCGA-GBM and TCGA-LGG separately. It uses the same source_cohort as the direct Treehouse TCGA sample cohort so downstream source comparisons can treat it as part of the same Treehouse-reprocessed TCGA expression origin.",percentile_shard,pass,pass,pass,cancer_reference_expression_v5,5.23.25,5.22.14
HCL,HCL,default_available,tpm_clean,True,,ZENODO_14917813_BOHN_2026_HCL,Zenodo,,PMID:42200459,zenodo,nTPM (pseudobulk),scrna_malignant_cell_pseudobulk_ntpm,False,primary,,,5,5,,zenodo_14917813_hcl_t0_malignant_cell_pseudobulk_ntpm_ensembl112_clean_tpm_16_9_75,"Use the published T0 matrix only; rename artifact-local sample IDs to donor IDs P2-P6, retain P1 as excluded because it has no T0 pseudobulk, and do not infer per-donor BRAF V600E status. Author-annotated malignant HCL-cell UMIs are pseudobulked per donor and scaled to nTPM. The proxy scale is not bulk-TPM comparable or independently classification-ready.",percentile_shard,pass,pass,pass,cancer_reference_expression_v5,5.23.25,5.22.14
HEPB,HEPB,default_available,tpm_clean,True,,TREEHOUSE_POLYA_25_01,Treehouse,,,treehouse-compendium,log2(TPM+1),linear_rnaseq_tpm,True,mixed,,,20,20,,Treehouse Tumor Compendium 25.01 PolyA (hugo_log2tpm_58581genes_2025-02-27); downloaded from public.gi.ucsc.edu/~ekephart/public-data/; HUGO symbols harmonized to Ensembl release 112; log2(TPM+1) inverse-transformed,"13,359 samples × 58,581 genes; matrix is RSEM log2(TPM+1) keyed by HUGO symbol. Builder inverse-transforms to TPM, subsets by `clinical.disease == <label>`, harmonizes HUGO to Ensembl release 112, sums TPM across symbols that collapse to the same ENSG, then applies the canonical 16/9/75 clean-TPM transform. Every measured censored gene receives the same Treehouse PolyA reference composition before stat summarization. Same builder is parameterized for every Treehouse cancer code listed above. Samples with TCGA provenance (~9,500 samples) are extracted from this same file by `scripts/sweep_treehouse_tcga_cohorts.py` and tagged `source_cohort=TREEHOUSE_POLYA_25_01_TCGA_SAMPLES` so a future authoritative GDC build can land alongside without clobbering.",percentile_shard,pass,pass,pass,cancer_reference_expression_v5,5.23.25,5.22.14
HL,HL,default_available,tpm_clean,True,,GSE120328_LAMPRECHT_2018,GEO,,,recount3,recount3 Gencode-v26 coverage gene-sums,linear_rnaseq_tpm,True,,,,3,3,,recount3 SRP162356 gene_sums (Gencode v26 coverage) → exonic-length-normalized TPM → per-sample sum-to-1e6 → tech-RNA zero; routed from recount3 sample attributes.,"Lamprecht 2018 (cHL): LCM-enriched HRS tumour cells (sample titles _TU; 5 paired non-tumour _NTC dropped → n=5). Rebuilt from recount3 (SRP162356, Gencode v26) for coverage-complete genes — see docs/recount3-integration.md. HRS-cell-specific not whole-tumour — flag for TME comparisons. Supersedes the FPKM author-matrix build (scripts/build_geo_matrix.py).",percentile_shard,pass,pass,pass,cancer_reference_expression_v5,5.23.25,5.22.14
HNSC,HNSC,default_available,tpm_clean,True,,TREEHOUSE_POLYA_25_01_TCGA_SAMPLES,Treehouse (TCGA samples),,,treehouse-compendium,log2(TPM+1),linear_rnaseq_tpm,True,mixed,,,520,520,,Treehouse Tumor Compendium 25.01 PolyA samples selected by TCGA provenance (hugo_log2tpm_58581genes_2025-02-27); downloaded from public.gi.ucsc.edu/~ekephart/public-data/; HUGO symbols harmonized to Ensembl release 112; log2(TPM+1) inverse-transformed,"TCGA-only subset of the Treehouse 25.01 PolyA compendium. Samples are selected by matching the Treehouse clinical disease label and requiring `th_dataset_id` to start with `TCGA`. This deliberately excludes GBM/LGG, SARC, and subtype cohorts that require additional cBioPortal, GDC, or histology side tables; those remain source-specific follow-ups under oncoref#296. Uses its own source_cohort so a future authoritative GDC STAR-counts build can coexist without clobbering Treehouse-derived artifacts.",percentile_shard,pass,pass,pass,cancer_reference_expression_v5,5.23.25,5.22.14
HNSC_HPVneg,HNSC_HPVneg,default_available,tpm_clean,True,,TREEHOUSE_POLYA_25_01_TCGA_HNSC_HPV,Treehouse (TCGA-HNSC) x cBioPortal HPV,,,treehouse-compendium,log2(TPM+1),linear_rnaseq_tpm,True,primary,,,415,415,,Treehouse Tumor Compendium 25.01 PolyA TCGA-HNSC samples × cBioPortal hnsc_tcga_pan_can_atlas_2018 HPV calls (Cao 2016 PMID 27568064); HUGO symbols harmonized to Ensembl release 112; log2(TPM+1) inverse-transformed,Treehouse carries TCGA-HNSC samples in the parent head and neck squamous cell carcinoma disease bucket. This source joins each TCGA sample barcode prefix to cBioPortal PanCancer Atlas patient SUBTYPE calls and routes HPV-negative and HPV-positive cohorts separately. It uses a distinct source_cohort from the unsplit HNSC cohort so subtype-derived references remain auditable.,percentile_shard,pass,pass,pass,cancer_reference_expression_v5,5.23.25,5.22.14
HNSC_HPVpos,HNSC_HPVpos,default_available,tpm_clean,True,,TREEHOUSE_POLYA_25_01_TCGA_HNSC_HPV,Treehouse (TCGA-HNSC) x cBioPortal HPV,,,treehouse-compendium,log2(TPM+1),linear_rnaseq_tpm,True,primary,,,72,72,,Treehouse Tumor Compendium 25.01 PolyA TCGA-HNSC samples × cBioPortal hnsc_tcga_pan_can_atlas_2018 HPV calls (Cao 2016 PMID 27568064); HUGO symbols harmonized to Ensembl release 112; log2(TPM+1) inverse-transformed,Treehouse carries TCGA-HNSC samples in the parent head and neck squamous cell carcinoma disease bucket. This source joins each TCGA sample barcode prefix to cBioPortal PanCancer Atlas patient SUBTYPE calls and routes HPV-negative and HPV-positive cohorts separately. It uses a distinct source_cohort from the unsplit HNSC cohort so subtype-derived references remain auditable.,percentile_shard,pass,pass,pass,cancer_reference_expression_v5,5.23.25,5.22.14
KICH,KICH,default_available,tpm_clean,True,,TREEHOUSE_POLYA_25_01_TCGA_SAMPLES,Treehouse (TCGA samples),,,treehouse-compendium,log2(TPM+1),linear_rnaseq_tpm,True,mixed,,,66,66,,Treehouse Tumor Compendium 25.01 PolyA samples selected by TCGA provenance (hugo_log2tpm_58581genes_2025-02-27); downloaded from public.gi.ucsc.edu/~ekephart/public-data/; HUGO symbols harmonized to Ensembl release 112; log2(TPM+1) inverse-transformed,"TCGA-only subset of the Treehouse 25.01 PolyA compendium. Samples are selected by matching the Treehouse clinical disease label and requiring `th_dataset_id` to start with `TCGA`. This deliberately excludes GBM/LGG, SARC, and subtype cohorts that require additional cBioPortal, GDC, or histology side tables; those remain source-specific follow-ups under oncoref#296. Uses its own source_cohort so a future authoritative GDC STAR-counts build can coexist without clobbering Treehouse-derived artifacts.",percentile_shard,pass,pass,pass,cancer_reference_expression_v5,5.23.25,5.22.14
KIRC,KIRC,default_available,tpm_clean,True,,TREEHOUSE_POLYA_25_01_TCGA_SAMPLES,Treehouse (TCGA samples),,,treehouse-compendium,log2(TPM+1),linear_rnaseq_tpm,True,mixed,,,531,531,,Treehouse Tumor Compendium 25.01 PolyA samples selected by TCGA provenance (hugo_log2tpm_58581genes_2025-02-27); downloaded from public.gi.ucsc.edu/~ekephart/public-data/; HUGO symbols harmonized to Ensembl release 112; log2(TPM+1) inverse-transformed,"TCGA-only subset of the Treehouse 25.01 PolyA compendium. Samples are selected by matching the Treehouse clinical disease label and requiring `th_dataset_id` to start with `TCGA`. This deliberately excludes GBM/LGG, SARC, and subtype cohorts that require additional cBioPortal, GDC, or histology side tables; those remain source-specific follow-ups under oncoref#296. Uses its own source_cohort so a future authoritative GDC STAR-counts build can coexist without clobbering Treehouse-derived artifacts.",percentile_shard,pass,pass,pass,cancer_reference_expression_v5,5.23.25,5.22.14
KIRP,KIRP,default_available,tpm_clean,True,,TREEHOUSE_POLYA_25_01_TCGA_SAMPLES,Treehouse (TCGA samples),,,treehouse-compendium,log2(TPM+1),linear_rnaseq_tpm,True,mixed,,,289,289,,Treehouse Tumor Compendium 25.01 PolyA samples selected by TCGA provenance (hugo_log2tpm_58581genes_2025-02-27); downloaded from public.gi.ucsc.edu/~ekephart/public-data/; HUGO symbols harmonized to Ensembl release 112; log2(TPM+1) inverse-transformed,"TCGA-only subset of the Treehouse 25.01 PolyA compendium. Samples are selected by matching the Treehouse clinical disease label and requiring `th_dataset_id` to start with `TCGA`. This deliberately excludes GBM/LGG, SARC, and subtype cohorts that require additional cBioPortal, GDC, or histology side tables; those remain source-specific follow-ups under oncoref#296. Uses its own source_cohort so a future authoritative GDC STAR-counts build can coexist without clobbering Treehouse-derived artifacts.",percentile_shard,pass,pass,pass,cancer_reference_expression_v5,5.23.25,5.22.14
LAML,LAML,default_available,tpm_clean,True,,TREEHOUSE_POLYA_25_01_TCGA_SAMPLES,Treehouse (TCGA samples),,,treehouse-compendium,log2(TPM+1),linear_rnaseq_tpm,True,mixed,,,173,173,,Treehouse Tumor Compendium 25.01 PolyA samples selected by TCGA provenance (hugo_log2tpm_58581genes_2025-02-27); downloaded from public.gi.ucsc.edu/~ekephart/public-data/; HUGO symbols harmonized to Ensembl release 112; log2(TPM+1) inverse-transformed,"TCGA-only subset of the Treehouse 25.01 PolyA compendium. Samples are selected by matching the Treehouse clinical disease label and requiring `th_dataset_id` to start with `TCGA`. This deliberately excludes GBM/LGG, SARC, and subtype cohorts that require additional cBioPortal, GDC, or histology side tables; those remain source-specific follow-ups under oncoref#296. Uses its own source_cohort so a future authoritative GDC STAR-counts build can coexist without clobbering Treehouse-derived artifacts.",percentile_shard,pass,pass,pass,cancer_reference_expression_v5,5.23.25,5.22.14
LAML_APL,LAML_APL,default_available,tpm_clean,True,,BEATAML_OHSU_2022,BeatAML 1.0,,,gdc,TPM,linear_rnaseq_tpm,True,,,,19,19,,gdc_beataml_star_counts_tpm_ensembl112_clean_tpm_16_9_75,Summary-only import; subgrouped by ELN risk and APL. Per-sample data is available from BeatAML2 — backfill candidate for the full rebuild.,percentile_shard,pass,pass,pass,cancer_reference_expression_v5,5.23.25,5.22.14
LAML_ELNadv,LAML_ELNadv,default_available,tpm_clean,True,,BEATAML_OHSU_2022,BeatAML 1.0,,,gdc,TPM,linear_rnaseq_tpm,True,,,,189,189,,gdc_beataml_star_counts_tpm_ensembl112_clean_tpm_16_9_75,Summary-only import; subgrouped by ELN risk and APL. Per-sample data is available from BeatAML2 — backfill candidate for the full rebuild.,percentile_shard,pass,pass,pass,cancer_reference_expression_v5,5.23.25,5.22.14
LAML_ELNfav,LAML_ELNfav,default_available,tpm_clean,True,,BEATAML_OHSU_2022,BeatAML 1.0,,,gdc,TPM,linear_rnaseq_tpm,True,,,,238,238,,gdc_beataml_star_counts_tpm_ensembl112_clean_tpm_16_9_75,Summary-only import; subgrouped by ELN risk and APL. Per-sample data is available from BeatAML2 — backfill candidate for the full rebuild.,percentile_shard,pass,pass,pass,cancer_reference_expression_v5,5.23.25,5.22.14
LAML_ELNint,LAML_ELNint,default_available,tpm_clean,True,,BEATAML_OHSU_2022,BeatAML 1.0,,,gdc,TPM,linear_rnaseq_tpm,True,,,,154,154,,gdc_beataml_star_counts_tpm_ensembl112_clean_tpm_16_9_75,Summary-only import; subgrouped by ELN risk and APL. Per-sample data is available from BeatAML2 — backfill candidate for the full rebuild.,percentile_shard,pass,pass,pass,cancer_reference_expression_v5,5.23.25,5.22.14
LGG,LGG,default_available,tpm_clean,True,,TREEHOUSE_POLYA_25_01_TCGA_SAMPLES,Treehouse (TCGA samples),,,treehouse-compendium,log2(TPM+1),linear_rnaseq_tpm,True,mixed,,,522,522,,Treehouse Tumor Compendium 25.01 PolyA samples selected by TCGA provenance (hugo_log2tpm_58581genes_2025-02-27); downloaded from public.gi.ucsc.edu/~ekephart/public-data/; HUGO symbols harmonized to Ensembl release 112; log2(TPM+1) inverse-transformed,"Treehouse labels TCGA-GBM and TCGA-LGG samples with the shared disease label `glioma`. This source splits that bucket by joining each Treehouse TCGA sample barcode prefix to a cached GDC case-to-project lookup, then routes TCGA-GBM and TCGA-LGG separately. It uses the same source_cohort as the direct Treehouse TCGA sample cohort so downstream source comparisons can treat it as part of the same Treehouse-reprocessed TCGA expression origin.",percentile_shard,pass,pass,pass,cancer_reference_expression_v5,5.23.25,5.22.14
LIHC,LIHC,default_available,tpm_clean,True,,TREEHOUSE_POLYA_25_01_TCGA_SAMPLES,Treehouse (TCGA samples),,,treehouse-compendium,log2(TPM+1),linear_rnaseq_tpm,True,mixed,,,368,368,,Treehouse Tumor Compendium 25.01 PolyA samples selected by TCGA provenance (hugo_log2tpm_58581genes_2025-02-27); downloaded from public.gi.ucsc.edu/~ekephart/public-data/; HUGO symbols harmonized to Ensembl release 112; log2(TPM+1) inverse-transformed,"TCGA-only subset of the Treehouse 25.01 PolyA compendium. Samples are selected by matching the Treehouse clinical disease label and requiring `th_dataset_id` to start with `TCGA`. This deliberately excludes GBM/LGG, SARC, and subtype cohorts that require additional cBioPortal, GDC, or histology side tables; those remain source-specific follow-ups under oncoref#296. Uses its own source_cohort so a future authoritative GDC STAR-counts build can coexist without clobbering Treehouse-derived artifacts.",percentile_shard,pass,pass,pass,cancer_reference_expression_v5,5.23.25,5.22.14
LUAD,LUAD,default_available,tpm_clean,True,,TREEHOUSE_POLYA_25_01_TCGA_SAMPLES,Treehouse (TCGA samples),,,treehouse-compendium,log2(TPM+1),linear_rnaseq_tpm,True,mixed,,,515,515,,Treehouse Tumor Compendium 25.01 PolyA samples selected by TCGA provenance (hugo_log2tpm_58581genes_2025-02-27); downloaded from public.gi.ucsc.edu/~ekephart/public-data/; HUGO symbols harmonized to Ensembl release 112; log2(TPM+1) inverse-transformed,"TCGA-only subset of the Treehouse 25.01 PolyA compendium. Samples are selected by matching the Treehouse clinical disease label and requiring `th_dataset_id` to start with `TCGA`. This deliberately excludes GBM/LGG, SARC, and subtype cohorts that require additional cBioPortal, GDC, or histology side tables; those remain source-specific follow-ups under oncoref#296. Uses its own source_cohort so a future authoritative GDC STAR-counts build can coexist without clobbering Treehouse-derived artifacts.",percentile_shard,pass,pass,pass,cancer_reference_expression_v5,5.23.25,5.22.14
LUAD_EGFR,LUAD_EGFR,default_available,tpm_clean,True,,TREEHOUSE_POLYA_25_01_TCGA_LUAD_MUT,Treehouse (TCGA-LUAD) x cBioPortal mutation calls,,,treehouse-compendium,log2(TPM+1),linear_rnaseq_tpm,True,primary,,,67,67,,Treehouse Tumor Compendium 25.01 PolyA TCGA-LUAD samples × cBioPortal luad_tcga_pan_can_atlas_2018 mutation calls; HUGO symbols harmonized to Ensembl release 112; log2(TPM+1) inverse-transformed,"Treehouse carries TCGA-LUAD samples in the parent lung adenocarcinoma disease bucket. This source joins each TCGA sample barcode prefix to cBioPortal PanCancer Atlas mutation calls and routes EGFR-mutant, KRAS-mutant, and STK11/KEAP1-altered cohorts separately. STK11 and KEAP1 are treated as a union because the oncoref registry code LUAD_STK11 represents the immune-cold STK11/KEAP1 axis.",percentile_shard,pass,pass,pass,cancer_reference_expression_v5,5.23.25,5.22.14
LUAD_KRAS,LUAD_KRAS,default_available,tpm_clean,True,,TREEHOUSE_POLYA_25_01_TCGA_LUAD_MUT,Treehouse (TCGA-LUAD) x cBioPortal mutation calls,,,treehouse-compendium,log2(TPM+1),linear_rnaseq_tpm,True,primary,,,153,153,,Treehouse Tumor Compendium 25.01 PolyA TCGA-LUAD samples × cBioPortal luad_tcga_pan_can_atlas_2018 mutation calls; HUGO symbols harmonized to Ensembl release 112; log2(TPM+1) inverse-transformed,"Treehouse carries TCGA-LUAD samples in the parent lung adenocarcinoma disease bucket. This source joins each TCGA sample barcode prefix to cBioPortal PanCancer Atlas mutation calls and routes EGFR-mutant, KRAS-mutant, and STK11/KEAP1-altered cohorts separately. STK11 and KEAP1 are treated as a union because the oncoref registry code LUAD_STK11 represents the immune-cold STK11/KEAP1 axis.",percentile_shard,pass,pass,pass,cancer_reference_expression_v5,5.23.25,5.22.14
LUAD_STK11,LUAD_STK11,default_available,tpm_clean,True,,TREEHOUSE_POLYA_25_01_TCGA_LUAD_MUT,Treehouse (TCGA-LUAD) x cBioPortal mutation calls,,,treehouse-compendium,log2(TPM+1),linear_rnaseq_tpm,True,primary,,,142,142,,Treehouse Tumor Compendium 25.01 PolyA TCGA-LUAD samples × cBioPortal luad_tcga_pan_can_atlas_2018 mutation calls; HUGO symbols harmonized to Ensembl release 112; log2(TPM+1) inverse-transformed,"Treehouse carries TCGA-LUAD samples in the parent lung adenocarcinoma disease bucket. This source joins each TCGA sample barcode prefix to cBioPortal PanCancer Atlas mutation calls and routes EGFR-mutant, KRAS-mutant, and STK11/KEAP1-altered cohorts separately. STK11 and KEAP1 are treated as a union because the oncoref registry code LUAD_STK11 represents the immune-cold STK11/KEAP1 axis.",percentile_shard,pass,pass,pass,cancer_reference_expression_v5,5.23.25,5.22.14
LUSC,LUSC,default_available,tpm_clean,True,,TREEHOUSE_POLYA_25_01_TCGA_SAMPLES,Treehouse (TCGA samples),,,treehouse-compendium,log2(TPM+1),linear_rnaseq_tpm,True,mixed,,,498,498,,Treehouse Tumor Compendium 25.01 PolyA samples selected by TCGA provenance (hugo_log2tpm_58581genes_2025-02-27); downloaded from public.gi.ucsc.edu/~ekephart/public-data/; HUGO symbols harmonized to Ensembl release 112; log2(TPM+1) inverse-transformed,"TCGA-only subset of the Treehouse 25.01 PolyA compendium. Samples are selected by matching the Treehouse clinical disease label and requiring `th_dataset_id` to start with `TCGA`. This deliberately excludes GBM/LGG, SARC, and subtype cohorts that require additional cBioPortal, GDC, or histology side tables; those remain source-specific follow-ups under oncoref#296. Uses its own source_cohort so a future authoritative GDC STAR-counts build can coexist without clobbering Treehouse-derived artifacts.",percentile_shard,pass,pass,pass,cancer_reference_expression_v5,5.23.25,5.22.14
MBL,MBL,default_available,tpm_clean,True,,TREEHOUSE_POLYA_25_01,Treehouse,,,treehouse-compendium,log2(TPM+1),linear_rnaseq_tpm,True,mixed,,,125,125,,Treehouse Tumor Compendium 25.01 PolyA (hugo_log2tpm_58581genes_2025-02-27); downloaded from public.gi.ucsc.edu/~ekephart/public-data/; HUGO symbols harmonized to Ensembl release 112; log2(TPM+1) inverse-transformed,"13,359 samples × 58,581 genes; matrix is RSEM log2(TPM+1) keyed by HUGO symbol. Builder inverse-transforms to TPM, subsets by `clinical.disease == <label>`, harmonizes HUGO to Ensembl release 112, sums TPM across symbols that collapse to the same ENSG, then applies the canonical 16/9/75 clean-TPM transform. Every measured censored gene receives the same Treehouse PolyA reference composition before stat summarization. Same builder is parameterized for every Treehouse cancer code listed above. Samples with TCGA provenance (~9,500 samples) are extracted from this same file by `scripts/sweep_treehouse_tcga_cohorts.py` and tagged `source_cohort=TREEHOUSE_POLYA_25_01_TCGA_SAMPLES` so a future authoritative GDC build can land alongside without clobbering.",percentile_shard,pass,pass,pass,cancer_reference_expression_v5,5.23.25,5.22.14
MBL_G3,MBL_G3,default_available,tpm_clean,True,,TREEHOUSE_POLYA_25_01_MBL_SUBGROUP_MARKERS,Treehouse,25.01,,treehouse-derived,TPM,linear_rnaseq_tpm,True,primary,,,44,44,,treehouse_polya_25_01_mbl_subgroup_markers_ensembl112_clean_tpm_16_9_75,"Deterministic partition of the 125-sample canonical MBL source matrix. Each sample is assigned to the largest-TPM marker among WIF1 (WNT), GLI2 (SHH), MYC (Group 3), and KCNA1 (Group 4). This reproduces the historical 17/25/44/39 approximation; ties or missing marker values are rejected. It is not a replacement for published per-sample methylation or transcriptomic subgroup labels.",percentile_shard,pass,pass,pass,cancer_reference_expression_v5,5.23.25,5.22.14
MBL_G4,MBL_G4,default_available,tpm_clean,True,,TREEHOUSE_POLYA_25_01_MBL_SUBGROUP_MARKERS,Treehouse,25.01,,treehouse-derived,TPM,linear_rnaseq_tpm,True,primary,,,39,39,,treehouse_polya_25_01_mbl_subgroup_markers_ensembl112_clean_tpm_16_9_75,"Deterministic partition of the 125-sample canonical MBL source matrix. Each sample is assigned to the largest-TPM marker among WIF1 (WNT), GLI2 (SHH), MYC (Group 3), and KCNA1 (Group 4). This reproduces the historical 17/25/44/39 approximation; ties or missing marker values are rejected. It is not a replacement for published per-sample methylation or transcriptomic subgroup labels.",percentile_shard,pass,pass,pass,cancer_reference_expression_v5,5.23.25,5.22.14
MBL_SHH,MBL_SHH,default_available,tpm_clean,True,,TREEHOUSE_POLYA_25_01_MBL_SUBGROUP_MARKERS,Treehouse,25.01,,treehouse-derived,TPM,linear_rnaseq_tpm,True,primary,,,25,25,,treehouse_polya_25_01_mbl_subgroup_markers_ensembl112_clean_tpm_16_9_75,"Deterministic partition of the 125-sample canonical MBL source matrix. Each sample is assigned to the largest-TPM marker among WIF1 (WNT), GLI2 (SHH), MYC (Group 3), and KCNA1 (Group 4). This reproduces the historical 17/25/44/39 approximation; ties or missing marker values are rejected. It is not a replacement for published per-sample methylation or transcriptomic subgroup labels.",percentile_shard,pass,pass,pass,cancer_reference_expression_v5,5.23.25,5.22.14
MBL_WNT,MBL_WNT,default_available,tpm_clean,True,,TREEHOUSE_POLYA_25_01_MBL_SUBGROUP_MARKERS,Treehouse,25.01,,treehouse-derived,TPM,linear_rnaseq_tpm,True,primary,,,17,17,,treehouse_polya_25_01_mbl_subgroup_markers_ensembl112_clean_tpm_16_9_75,"Deterministic partition of the 125-sample canonical MBL source matrix. Each sample is assigned to the largest-TPM marker among WIF1 (WNT), GLI2 (SHH), MYC (Group 3), and KCNA1 (Group 4). This reproduces the historical 17/25/44/39 approximation; ties or missing marker values are rejected. It is not a replacement for published per-sample methylation or transcriptomic subgroup labels.",percentile_shard,pass,pass,pass,cancer_reference_expression_v5,5.23.25,5.22.14
MCL,MCL,default_available,tpm_clean,True,,GSE271664_BODOR_2025,GEO,,,geo-matrix,raw_counts,linear_rnaseq_tpm,True,,,,51,51,,geo_heme_expression_ensembl112_clean_tpm_16_9_75,FFPE lymph-biopsy HTSeq counts; length-normalized to TPM with Ensembl 112 gene spans.,percentile_shard,pass,pass,pass,cancer_reference_expression_v5,5.23.25,5.22.14
MDS,MDS,default_available,tpm_clean,True,,GSE114922_SHIOZAWA_2018,GEO,,,recount3,recount3 Gencode-v26 coverage gene-sums,linear_rnaseq_tpm,True,,,,81,81,,recount3_srp149374_gencode_v26_gene_sums_to_clean_tpm_16_9_75,"Rebuilt from recount3 (SRP149374, Gencode v26) for coverage-complete gene universe — see docs/recount3-integration.md. Selection: bone-marrow CD34+ HSPCs, disease status == 'Myelodysplastic Syndrome' (runs summed per biological sample → n=82). Supersedes the author-HTSeq build (scripts/build_geo_heme_reference_expression.py), kept in git history.",percentile_shard,pass,pass,pass,cancer_reference_expression_v5,5.23.25,5.22.14
MENINGIOMA,MENINGIOMA,default_available,tpm_clean,True,,GSE270638_MENINGIOMA_2024,GEO,GSE270638 public 2024-08-21; raw-count matrix sha256 7a0486612342707c7c1b58fdc4a8361667c6891019582dd4f8bf088c0cd8b4e3; harmonized to Ensembl release 112,,geo-matrix,raw_counts,linear_rnaseq_tpm,True,mixed,,,379,379,,gse270638_htseq_raw_counts_gene_length_tpm_ensembl112_clean_tpm_16_9_75,"The public processed matrix contains 384 tumor columns and 60,662 gene rows. GEO's free-text Overall design says n=994, while the accession exposes 384 samples and the downloadable matrix contains exactly those 384 identifiers. Build and release only the auditable matrix cohort; do not manufacture or impute the unexposed 610 profiles.",percentile_shard,pass,pass,pass,cancer_reference_expression_v5,5.23.25,5.22.14
MESO,MESO,default_available,tpm_clean,True,,TREEHOUSE_POLYA_25_01_TCGA_SAMPLES,Treehouse (TCGA samples),,,treehouse-compendium,log2(TPM+1),linear_rnaseq_tpm,True,mixed,,,87,87,,Treehouse Tumor Compendium 25.01 PolyA samples selected by TCGA provenance (hugo_log2tpm_58581genes_2025-02-27); downloaded from public.gi.ucsc.edu/~ekephart/public-data/; HUGO symbols harmonized to Ensembl release 112; log2(TPM+1) inverse-transformed,"TCGA-only subset of the Treehouse 25.01 PolyA compendium. Samples are selected by matching the Treehouse clinical disease label and requiring `th_dataset_id` to start with `TCGA`. This deliberately excludes GBM/LGG, SARC, and subtype cohorts that require additional cBioPortal, GDC, or histology side tables; those remain source-specific follow-ups under oncoref#296. Uses its own source_cohort so a future authoritative GDC STAR-counts build can coexist without clobbering Treehouse-derived artifacts.",percentile_shard,pass,pass,pass,cancer_reference_expression_v5,5.23.25,5.22.14
MM,MM,default_available,tpm_clean,True,,MMRF_COMMPASS,MMRF CoMMpass,,,gdc,TPM,linear_rnaseq_tpm,True,,,,81,81,,gdc_star_counts_tpm_ensembl112_clean_tpm_16_9_75,Inclusion: primary Bone Marrow CD138+ samples only (sample_type == 'Primary Blood Derived Cancer - Bone Marrow' AND sample_id endswith 'BM_CD138pos'); one deterministic sample per case ordered by visit number.,percentile_shard,pass,pass,pass,cancer_reference_expression_v5,5.23.25,5.22.14
MPN,MPN,default_available,tpm_clean,True,,GSE283710_WASHU_2024,GEO,,,geo-matrix,raw counts,linear_rnaseq_tpm,True,,,,45,45,,geo_heme_expression_ensembl112_clean_tpm_16_9_75,"Sorted CD34+; chronic-phase Polycythemia vera, Essential thrombocythemia, and Myelofibrosis only; length-normalized to TPM.",percentile_shard,pass,pass,pass,cancer_reference_expression_v5,5.23.25,5.22.14
MTC,MTC,default_available,tpm_clean,False,artifact_sample_qc_mismatch,GSE32662_PRINGLE_2012_MTC,GEO,,,geo-microarray,TPM proxy,microarray_tpm_proxy,False,primary,,,52,52,,GPL6480 series-matrix log2 intensity to TPM proxy; Ensembl 112,"Agilent Human Genome 4x44K v1 (GPL6480) microarray series; 49 primary MTC cases × ~3 hybridization replicates = 52 samples. series_matrix log2 intensity → probe-max → anti-log2 → per- sample sum-to-1e6 (TPM-proxy). Within-sample gene rank preserved; absolute TPM-proxy NOT comparable to RNA-seq cohorts. Biology sanity check: CALCA (calcitonin, defining MTC marker) p95 ~3400 TPM-proxy; CHGA ~948; CEACAM5 ~481.",percentile_shard,pass,pass,pass_or_warn,cancer_reference_expression_v5,5.23.25,5.22.14
NBL,NBL,default_available,tpm_clean,True,,TARGET_NBL_2018,TARGET Neuroblastoma,,,gdc,TPM,linear_rnaseq_tpm,True,mixed,,,155,155,,gdc_star_counts_tpm_ensembl112_clean_tpm_16_9_75,One deterministic GDC sample per case: 153 primary tumors plus two recurrent samples required to reproduce the published 155-sample matrix. MYCN status comes from cBioPortal nbl_target_2018_pub; the one explicit Unknown call stays in the non-amplified child to preserve the published 33/122 split.,percentile_shard,pass,pass,pass,cancer_reference_expression_v5,5.23.25,5.22.14
NBL_MYCNamp,NBL_MYCNamp,default_available,tpm_clean,True,,TARGET_NBL_2018,TARGET Neuroblastoma,,,gdc,TPM,linear_rnaseq_tpm,True,mixed,,,33,33,,gdc_star_counts_tpm_ensembl112_clean_tpm_16_9_75,One deterministic GDC sample per case: 153 primary tumors plus two recurrent samples required to reproduce the published 155-sample matrix. MYCN status comes from cBioPortal nbl_target_2018_pub; the one explicit Unknown call stays in the non-amplified child to preserve the published 33/122 split.,percentile_shard,pass,pass,pass,cancer_reference_expression_v5,5.23.25,5.22.14
NBL_MYCNnonamp,NBL_MYCNnonamp,default_available,tpm_clean,True,,TARGET_NBL_2018,TARGET Neuroblastoma,,,gdc,TPM,linear_rnaseq_tpm,True,mixed,,,122,122,,gdc_star_counts_tpm_ensembl112_clean_tpm_16_9_75,One deterministic GDC sample per case: 153 primary tumors plus two recurrent samples required to reproduce the published 155-sample matrix. MYCN status comes from cBioPortal nbl_target_2018_pub; the one explicit Unknown call stays in the non-amplified child to preserve the published 33/122 split.,percentile_shard,pass,pass,pass,cancer_reference_expression_v5,5.23.25,5.22.14
NEC_LUNG_LARGECELL,NEC_LUNG_LARGECELL,default_available,tpm_clean,True,,DRMETRICS_ALCALA_2019_LNEN,GEO (DR-metrics / Alcala LNEN),,,github-release,TPM,linear_rnaseq_tpm,True,,,,69,69,,DRMetrics LNEN (Alcala 2019 / Gabriel 2020); raw counts length-normalized to TPM with Ensembl release 112 gene lengths; histology routed via Attributes.txt Histopathology_simplified.,"IARC pan-LNEN cohort, 238 samples uniformly processed (STAR + featureCounts, GENCODE v33, GRCh38). Histology routed via Attributes.txt Histopathology_simplified — Typical/Atypical/ Carcinoid/Supra_carcinoid (n=118) → LUNG_NET_LC; LCNEC (n=69) → LUNG_NET_LCNEC; SCLC (n=51) skipped (covered by SCLC UCologne 2015).",percentile_shard,pass,pass,pass,cancer_reference_expression_v5,5.23.25,5.22.14
NEC_MERKEL,NEC_MERKEL,default_available,tpm_clean,True,,GSE235092_MERKEL_2024,GEO,,,geo-matrix,raw_counts,linear_rnaseq_tpm,True,,,,91,91,,GSE235092 Merkel cell carcinoma bulk RNA-seq raw counts; length-normalized to TPM with Ensembl release 112 gene lengths,"All 91 bulk-RNA Merkel cell carcinoma tumor samples (Sample_source_name == ""Merkel Cell Carcinoma (MCC)""); symbol-keyed raw counts → length-normalized → per-sample TPM. The MCPyV viral transcripts (57kT / ALTO / …) drop out as non-human at harmonization.",percentile_shard,pass,pass,pass,cancer_reference_expression_v5,5.23.25,5.22.14
NET_LUNG,NET_LUNG,default_available,tpm_clean,True,,DRMETRICS_ALCALA_2019_LNEN,GEO (DR-metrics / Alcala LNEN),,,github-release,TPM,linear_rnaseq_tpm,True,,,,118,118,,DRMetrics LNEN (Alcala 2019 / Gabriel 2020); raw counts length-normalized to TPM with Ensembl release 112 gene lengths; histology routed via Attributes.txt Histopathology_simplified.,"IARC pan-LNEN cohort, 238 samples uniformly processed (STAR + featureCounts, GENCODE v33, GRCh38). Histology routed via Attributes.txt Histopathology_simplified — Typical/Atypical/ Carcinoid/Supra_carcinoid (n=118) → LUNG_NET_LC; LCNEC (n=69) → LUNG_NET_LCNEC; SCLC (n=51) skipped (covered by SCLC UCologne 2015).",percentile_shard,pass,pass,pass,cancer_reference_expression_v5,5.23.25,5.22.14
NET_MIDGUT,NET_MIDGUT,default_available,tpm_clean,True,,GSE98894_ALVAREZ_2018_NET,GEO,,,recount3,recount3 Gencode-v26 coverage gene-sums,linear_rnaseq_tpm,True,,,,78,78,,recount3 SRP107025 gene_sums (Gencode v26 coverage) → exonic-length-normalized TPM → per-sample sum-to-1e6 → tech-RNA zero; routed from recount3 sample attributes.,"Rebuilt from recount3 (SRP107025, Gencode v26) for coverage-complete genes — the author HTSeq counts dropped XAGE1A/XAGE1B; recount3 recovers them (see docs/recount3-integration.md). Routed by recount3 sample 'origin' attribute: ~81 SI-NET → MID_NET, ~113 PNET → PANNET, ~18 rectal NET → REC_NET. EVERY sample is a liver metastasis; all shards tagged tumor_origin=metastasis, metastasis_site=liver. The PANNET shard here is distinct from the primary-tumor GSE118014_ALVAREZ_2018 PANNET shard — both coexist. Supersedes the RAW.tar HTSeq build (scripts/build_gse98894_midgut_net.py). REC_NET registry code was added with the original build.",percentile_shard,pass,pass,pass,cancer_reference_expression_v5,5.23.25,5.22.14
NET_PANCREAS,NET_PANCREAS,default_available,tpm_clean,True,,GSE118014_ALVAREZ_2018,GEO,,,recount3,recount3 Gencode-v26 coverage gene-sums,linear_rnaseq_tpm,True,,,,30,30,,recount3 SRP156049 gene_sums (Gencode v26 coverage) → exonic-length-normalized TPM → per-sample sum-to-1e6 → tech-RNA zero; routed from recount3 sample attributes.,"Well-differentiated PRIMARY pancreatic neuroendocrine tumors (n=33), rebuilt from recount3 (SRP156049, Gencode v26) for coverage-complete genes — see docs/recount3-integration.md. Distinct from the liver-met PANNET shard (gse98894-midnet). Supersedes the summary-only import (scripts/import_cancer_specific_expression.py).",percentile_shard,pass,pass,pass,cancer_reference_expression_v5,5.23.25,5.22.14
NET_RECTAL,NET_RECTAL,default_available,tpm_clean,True,,GSE98894_ALVAREZ_2018_NET,GEO,,,recount3,recount3 Gencode-v26 coverage gene-sums,linear_rnaseq_tpm,True,,,,18,18,,recount3 SRP107025 gene_sums (Gencode v26 coverage) → exonic-length-normalized TPM → per-sample sum-to-1e6 → tech-RNA zero; routed from recount3 sample attributes.,"Rebuilt from recount3 (SRP107025, Gencode v26) for coverage-complete genes — the author HTSeq counts dropped XAGE1A/XAGE1B; recount3 recovers them (see docs/recount3-integration.md). Routed by recount3 sample 'origin' attribute: ~81 SI-NET → MID_NET, ~113 PNET → PANNET, ~18 rectal NET → REC_NET. EVERY sample is a liver metastasis; all shards tagged tumor_origin=metastasis, metastasis_site=liver. The PANNET shard here is distinct from the primary-tumor GSE118014_ALVAREZ_2018 PANNET shard — both coexist. Supersedes the RAW.tar HTSeq build (scripts/build_gse98894_midgut_net.py). REC_NET registry code was added with the original build.",percentile_shard,pass,pass,pass,cancer_reference_expression_v5,5.23.25,5.22.14
NPC,NPC,default_available,tpm_clean,True,,TREEHOUSE_POLYA_25_01,Treehouse,,,treehouse-compendium,log2(TPM+1),linear_rnaseq_tpm,True,mixed,,,4,4,,Treehouse Tumor Compendium 25.01 PolyA (hugo_log2tpm_58581genes_2025-02-27); downloaded from public.gi.ucsc.edu/~ekephart/public-data/; HUGO symbols harmonized to Ensembl release 112; log2(TPM+1) inverse-transformed,"13,359 samples × 58,581 genes; matrix is RSEM log2(TPM+1) keyed by HUGO symbol. Builder inverse-transforms to TPM, subsets by `clinical.disease == <label>`, harmonizes HUGO to Ensembl release 112, sums TPM across symbols that collapse to the same ENSG, then applies the canonical 16/9/75 clean-TPM transform. Every measured censored gene receives the same Treehouse PolyA reference composition before stat summarization. Same builder is parameterized for every Treehouse cancer code listed above. Samples with TCGA provenance (~9,500 samples) are extracted from this same file by `scripts/sweep_treehouse_tcga_cohorts.py` and tagged `source_cohort=TREEHOUSE_POLYA_25_01_TCGA_SAMPLES` so a future authoritative GDC build can land alongside without clobbering.",percentile_shard,pass,pass,pass,cancer_reference_expression_v5,5.23.25,5.22.14
NUTM,NUTM,default_available,tpm_clean,True,,UNC_NUTM1,UNC NUTM1 case series,UNC NUTM1 case series; Ensembl 112,,unc-case-series,TPM,linear_rnaseq_tpm,True,primary,,,3,3,,Whole-transcriptome RNA-seq gene-level TPM renormalized to 1e6; Ensembl 112,Three primary NUT carcinoma cases. This is the only per-sample NUTM expression cohort; public NUT data are otherwise cell-line or controlled-access datasets.,percentile_shard,pass,pass,pass,cancer_reference_expression_v5,5.23.25,5.22.14
OV,OV,default_available,tpm_clean,True,,TREEHOUSE_POLYA_25_01_TCGA_SAMPLES,Treehouse (TCGA samples),,,treehouse-compendium,log2(TPM+1),linear_rnaseq_tpm,True,mixed,,,426,426,,Treehouse Tumor Compendium 25.01 PolyA samples selected by TCGA provenance (hugo_log2tpm_58581genes_2025-02-27); downloaded from public.gi.ucsc.edu/~ekephart/public-data/; HUGO symbols harmonized to Ensembl release 112; log2(TPM+1) inverse-transformed,"TCGA-only subset of the Treehouse 25.01 PolyA compendium. Samples are selected by matching the Treehouse clinical disease label and requiring `th_dataset_id` to start with `TCGA`. This deliberately excludes GBM/LGG, SARC, and subtype cohorts that require additional cBioPortal, GDC, or histology side tables; those remain source-specific follow-ups under oncoref#296. Uses its own source_cohort so a future authoritative GDC STAR-counts build can coexist without clobbering Treehouse-derived artifacts.",percentile_shard,pass,pass,pass,cancer_reference_expression_v5,5.23.25,5.22.14
PAAD,PAAD,default_available,tpm_clean,True,,TREEHOUSE_POLYA_25_01_TCGA_SAMPLES,Treehouse (TCGA samples),,,treehouse-compendium,log2(TPM+1),linear_rnaseq_tpm,True,mixed,,,178,178,,Treehouse Tumor Compendium 25.01 PolyA samples selected by TCGA provenance (hugo_log2tpm_58581genes_2025-02-27); downloaded from public.gi.ucsc.edu/~ekephart/public-data/; HUGO symbols harmonized to Ensembl release 112; log2(TPM+1) inverse-transformed,"TCGA-only subset of the Treehouse 25.01 PolyA compendium. Samples are selected by matching the Treehouse clinical disease label and requiring `th_dataset_id` to start with `TCGA`. This deliberately excludes GBM/LGG, SARC, and subtype cohorts that require additional cBioPortal, GDC, or histology side tables; those remain source-specific follow-ups under oncoref#296. Uses its own source_cohort so a future authoritative GDC STAR-counts build can coexist without clobbering Treehouse-derived artifacts.",percentile_shard,pass,pass,pass,cancer_reference_expression_v5,5.23.25,5.22.14
PCPG,PCPG,default_available,tpm_clean,True,,TREEHOUSE_POLYA_25_01_TCGA_SAMPLES,Treehouse (TCGA samples),,,treehouse-compendium,log2(TPM+1),linear_rnaseq_tpm,True,mixed,,,182,182,,Treehouse Tumor Compendium 25.01 PolyA samples selected by TCGA provenance (hugo_log2tpm_58581genes_2025-02-27); downloaded from public.gi.ucsc.edu/~ekephart/public-data/; HUGO symbols harmonized to Ensembl release 112; log2(TPM+1) inverse-transformed,"TCGA-only subset of the Treehouse 25.01 PolyA compendium. Samples are selected by matching the Treehouse clinical disease label and requiring `th_dataset_id` to start with `TCGA`. This deliberately excludes GBM/LGG, SARC, and subtype cohorts that require additional cBioPortal, GDC, or histology side tables; those remain source-specific follow-ups under oncoref#296. Uses its own source_cohort so a future authoritative GDC STAR-counts build can coexist without clobbering Treehouse-derived artifacts.",percentile_shard,pass,pass,pass,cancer_reference_expression_v5,5.23.25,5.22.14
PRAD,PRAD,default_available,tpm_clean,True,,TREEHOUSE_POLYA_25_01_TCGA_SAMPLES,Treehouse (TCGA samples),,,treehouse-compendium,log2(TPM+1),linear_rnaseq_tpm,True,mixed,,,496,496,,Treehouse Tumor Compendium 25.01 PolyA samples selected by TCGA provenance (hugo_log2tpm_58581genes_2025-02-27); downloaded from public.gi.ucsc.edu/~ekephart/public-data/; HUGO symbols harmonized to Ensembl release 112; log2(TPM+1) inverse-transformed,"TCGA-only subset of the Treehouse 25.01 PolyA compendium. Samples are selected by matching the Treehouse clinical disease label and requiring `th_dataset_id` to start with `TCGA`. This deliberately excludes GBM/LGG, SARC, and subtype cohorts that require additional cBioPortal, GDC, or histology side tables; those remain source-specific follow-ups under oncoref#296. Uses its own source_cohort so a future authoritative GDC STAR-counts build can coexist without clobbering Treehouse-derived artifacts.",percentile_shard,pass,pass,pass,cancer_reference_expression_v5,5.23.25,5.22.14
RB,RB,default_available,tpm_clean,True,,TREEHOUSE_RIBOD_25_01,Treehouse,,,treehouse-compendium,log2(TPM+1),linear_rnaseq_tpm,True,mixed,,,15,15,,Treehouse Tumor Compendium 25.01 RiboDeplete (hugo_log2tpm_58581genes_2025-03-19); 15 RB + 3 chordoma + 3 IFS + 1 CMN libraries; IFS contains two donors; downloaded from GEO GSE294353; HUGO symbols harmonized to Ensembl release 112; log2(TPM+1) inverse-transformed,"RiboD (ribo-depleted) sibling of treehouse-polya-25-01; 2,079 samples. Same builder works after pointing `--cache-dir` / `--tpm-file` / `--clinical-file` at the RiboD files. For raw values for genes in the single global technical-RNA panel can differ from PolyA by more than 10x. Clean TPM replaces that 9% compartment with the Treehouse PolyA reference composition for every assay. The physical cohorts remain separate source_cohort tags because clean TPM does not make the assays physically equivalent.",percentile_shard,pass,pass,pass,cancer_reference_expression_v5,5.23.25,5.22.14
READ,READ,default_available,tpm_clean,True,,TREEHOUSE_POLYA_25_01_TCGA_SAMPLES,Treehouse (TCGA samples),,,treehouse-compendium,log2(TPM+1),linear_rnaseq_tpm,True,mixed,,,93,93,,Treehouse Tumor Compendium 25.01 PolyA samples selected by TCGA provenance (hugo_log2tpm_58581genes_2025-02-27); downloaded from public.gi.ucsc.edu/~ekephart/public-data/; HUGO symbols harmonized to Ensembl release 112; log2(TPM+1) inverse-transformed,"TCGA-only subset of the Treehouse 25.01 PolyA compendium. Samples are selected by matching the Treehouse clinical disease label and requiring `th_dataset_id` to start with `TCGA`. This deliberately excludes GBM/LGG, SARC, and subtype cohorts that require additional cBioPortal, GDC, or histology side tables; those remain source-specific follow-ups under oncoref#296. Uses its own source_cohort so a future authoritative GDC STAR-counts build can coexist without clobbering Treehouse-derived artifacts.",percentile_shard,pass,pass,pass,cancer_reference_expression_v5,5.23.25,5.22.14
READ_MSI,READ_MSI,default_available,tpm_clean,True,,TREEHOUSE_POLYA_25_01_TCGA_COADREAD_MSI,Treehouse (TCGA-COAD/READ) x cBioPortal MSIsensor,,,treehouse-compendium,log2(TPM+1),linear_rnaseq_tpm,True,primary,,,2,2,,Treehouse 25.01 PolyA TCGA-COAD/READ samples split by cBioPortal coadread_tcga_pan_can_atlas_2018 MSIsensor score (>=10 = MSI-H); HUGO symbols harmonized to Ensembl release 112,"Treehouse carries TCGA-COAD and TCGA-READ samples in separate colon and rectum disease buckets. This source joins each TCGA sample barcode prefix to cBioPortal PanCancer Atlas sample-level MSIsensor scores and routes MSI-H as MSI_SENSOR_SCORE >= 10, matching the existing oncoref TREEHOUSE_POLYA_25_01_TCGA_COADREAD_MSI source-cohort provenance. MSS rows use MSI_SENSOR_SCORE < 10.",percentile_shard,pass,pass,pass,cancer_reference_expression_v5,5.23.25,5.22.14
READ_MSS,READ_MSS,default_available,tpm_clean,True,,TREEHOUSE_POLYA_25_01_TCGA_COADREAD_MSI,Treehouse (TCGA-COAD/READ) x cBioPortal MSIsensor,,,treehouse-compendium,log2(TPM+1),linear_rnaseq_tpm,True,primary,,,83,83,,Treehouse 25.01 PolyA TCGA-COAD/READ samples split by cBioPortal coadread_tcga_pan_can_atlas_2018 MSIsensor score (>=10 = MSI-H); HUGO symbols harmonized to Ensembl release 112,"Treehouse carries TCGA-COAD and TCGA-READ samples in separate colon and rectum disease buckets. This source joins each TCGA sample barcode prefix to cBioPortal PanCancer Atlas sample-level MSIsensor scores and routes MSI-H as MSI_SENSOR_SCORE >= 10, matching the existing oncoref TREEHOUSE_POLYA_25_01_TCGA_COADREAD_MSI source-cohort provenance. MSS rows use MSI_SENSOR_SCORE < 10.",percentile_shard,pass,pass,pass,cancer_reference_expression_v5,5.23.25,5.22.14
RT,RT,default_available,tpm_clean,True,,TARGET_RT_2017,TARGET Rhabdoid Tumor,,,gdc,TPM,linear_rnaseq_tpm,True,,,,63,63,,gdc_star_counts_tpm_ensembl112_clean_tpm_16_9_75,Backfill candidate from GDC.,percentile_shard,pass,pass,pass,cancer_reference_expression_v5,5.23.25,5.22.14
SARC_ANGIO,SARC_ANGIO,default_available,tpm_clean,True,,TREEHOUSE_POLYA_25_01,Treehouse,,,treehouse-compendium,log2(TPM+1),linear_rnaseq_tpm,True,mixed,,,20,20,,Treehouse Tumor Compendium 25.01 PolyA (hugo_log2tpm_58581genes_2025-02-27); downloaded from public.gi.ucsc.edu/~ekephart/public-data/; HUGO symbols harmonized to Ensembl release 112; log2(TPM+1) inverse-transformed,"13,359 samples × 58,581 genes; matrix is RSEM log2(TPM+1) keyed by HUGO symbol. Builder inverse-transforms to TPM, subsets by `clinical.disease == <label>`, harmonizes HUGO to Ensembl release 112, sums TPM across symbols that collapse to the same ENSG, then applies the canonical 16/9/75 clean-TPM transform. Every measured censored gene receives the same Treehouse PolyA reference composition before stat summarization. Same builder is parameterized for every Treehouse cancer code listed above. Samples with TCGA provenance (~9,500 samples) are extracted from this same file by `scripts/sweep_treehouse_tcga_cohorts.py` and tagged `source_cohort=TREEHOUSE_POLYA_25_01_TCGA_SAMPLES` so a future authoritative GDC build can land alongside without clobbering.",percentile_shard,pass,pass,pass,cancer_reference_expression_v5,5.23.25,5.22.14
SARC_ASPS,SARC_ASPS,default_available,tpm_clean,True,,TREEHOUSE_POLYA_25_01,Treehouse,,,treehouse-compendium,log2(TPM+1),linear_rnaseq_tpm,True,mixed,,,3,3,,Treehouse Tumor Compendium 25.01 PolyA (hugo_log2tpm_58581genes_2025-02-27); downloaded from public.gi.ucsc.edu/~ekephart/public-data/; HUGO symbols harmonized to Ensembl release 112; log2(TPM+1) inverse-transformed,"13,359 samples × 58,581 genes; matrix is RSEM log2(TPM+1) keyed by HUGO symbol. Builder inverse-transforms to TPM, subsets by `clinical.disease == <label>`, harmonizes HUGO to Ensembl release 112, sums TPM across symbols that collapse to the same ENSG, then applies the canonical 16/9/75 clean-TPM transform. Every measured censored gene receives the same Treehouse PolyA reference composition before stat summarization. Same builder is parameterized for every Treehouse cancer code listed above. Samples with TCGA provenance (~9,500 samples) are extracted from this same file by `scripts/sweep_treehouse_tcga_cohorts.py` and tagged `source_cohort=TREEHOUSE_POLYA_25_01_TCGA_SAMPLES` so a future authoritative GDC build can land alongside without clobbering.",percentile_shard,pass,pass,pass,cancer_reference_expression_v5,5.23.25,5.22.14
SARC_CCS,SARC_CCS,default_available,tpm_clean,True,,GSE248751_HUMAN_CCS_2023,GEO,,,geo-matrix,raw_counts,linear_rnaseq_tpm,True,,,,5,5,,PMID 38136296 (Clear Cell Sarcoma frozen primary RNA-seq); gene-id-type=ensembl; unit=raw_counts; harmonized to Ensembl release 112,n=5 primary CCS tumors (hCCS_1..5). 3 muscle normal controls excluded by sample_filter. Raw counts → length-norm TPM. Low n.,percentile_shard,pass,pass,pass,cancer_reference_expression_v5,5.23.25,5.22.14
SARC_CHON,SARC_CHON,default_available,tpm_clean,True,,GSE299759_MEIJER_2026,GEO,,,geo-matrix,raw_counts,linear_rnaseq_tpm,True,,,,47,47,,"GSE299759 (Meijer 2026, chondrosarcoma) raw counts; length-normalized to TPM with Ensembl release 112 gene lengths; downloaded from GEO supplementary",Chondrosarcoma.,percentile_shard,pass,pass,pass,cancer_reference_expression_v5,5.23.25,5.22.14
SARC_CHOR,SARC_CHOR,default_available,tpm_clean,True,,GSE239531_VANOOST_2024,GEO,,,geo-matrix,raw_counts,linear_rnaseq_tpm,True,,,,20,20,,"GSE239531 (van Oost 2024, chordoma; PMID 38272563) raw counts; length-normalized to TPM with Ensembl release 112 gene lengths; downloaded from GEO supplementary","20 primary chordoma tumors; augments the 3-sample Treehouse ribo-depleted CHOR cohort. Ensembl-keyed raw counts, length-normalized to TPM by the shared CHON builder core.",percentile_shard,pass,pass,pass,cancer_reference_expression_v5,5.23.25,5.22.14
SARC_DDLPS,SARC_DDLPS,default_available,tpm_clean,True,,TREEHOUSE_POLYA_25_01_TCGA_SARC_HISTOLOGY,Treehouse (TCGA-SARC) x GDC primary diagnosis,,,treehouse-compendium,log2(TPM+1),linear_rnaseq_tpm,True,primary,,,48,48,,Treehouse Tumor Compendium 25.01 PolyA TCGA-SARC liposarcoma samples × GDC diagnoses.primary_diagnosis histology labels; HUGO symbols harmonized to Ensembl release 112; log2(TPM+1) inverse-transformed,"Treehouse carries TCGA-SARC liposarcoma samples in one parent liposarcoma disease bucket. This source joins each TCGA sample barcode prefix to the GDC TCGA-SARC diagnoses.primary_diagnosis table and routes well-differentiated, dedifferentiated, and pleomorphic liposarcoma separately. The two-sample PLEOLPS overlay is published as an additional source; the four-sample GSE75885 RNA-seq matrix remains its selected raw source matrix.",percentile_shard,pass,pass,pass,cancer_reference_expression_v5,5.23.25,5.22.14
SARC_DSRCT,SARC_DSRCT,default_available,tpm_clean,True,,TREEHOUSE_POLYA_25_01,Treehouse,,,treehouse-compendium,log2(TPM+1),linear_rnaseq_tpm,True,mixed,,,9,9,,Treehouse Tumor Compendium 25.01 PolyA (hugo_log2tpm_58581genes_2025-02-27); downloaded from public.gi.ucsc.edu/~ekephart/public-data/; HUGO symbols harmonized to Ensembl release 112; log2(TPM+1) inverse-transformed,"13,359 samples × 58,581 genes; matrix is RSEM log2(TPM+1) keyed by HUGO symbol. Builder inverse-transforms to TPM, subsets by `clinical.disease == <label>`, harmonizes HUGO to Ensembl release 112, sums TPM across symbols that collapse to the same ENSG, then applies the canonical 16/9/75 clean-TPM transform. Every measured censored gene receives the same Treehouse PolyA reference composition before stat summarization. Same builder is parameterized for every Treehouse cancer code listed above. Samples with TCGA provenance (~9,500 samples) are extracted from this same file by `scripts/sweep_treehouse_tcga_cohorts.py` and tagged `source_cohort=TREEHOUSE_POLYA_25_01_TCGA_SAMPLES` so a future authoritative GDC build can land alongside without clobbering.",percentile_shard,pass,pass,pass,cancer_reference_expression_v5,5.23.25,5.22.14
SARC_EHE,SARC_EHE,default_available,tpm_clean,True,,TREEHOUSE_POLYA_25_01,Treehouse,,,treehouse-compendium,log2(TPM+1),linear_rnaseq_tpm,True,mixed,,,1,1,,Treehouse Tumor Compendium 25.01 PolyA (hugo_log2tpm_58581genes_2025-02-27); downloaded from public.gi.ucsc.edu/~ekephart/public-data/; HUGO symbols harmonized to Ensembl release 112; log2(TPM+1) inverse-transformed,"13,359 samples × 58,581 genes; matrix is RSEM log2(TPM+1) keyed by HUGO symbol. Builder inverse-transforms to TPM, subsets by `clinical.disease == <label>`, harmonizes HUGO to Ensembl release 112, sums TPM across symbols that collapse to the same ENSG, then applies the canonical 16/9/75 clean-TPM transform. Every measured censored gene receives the same Treehouse PolyA reference composition before stat summarization. Same builder is parameterized for every Treehouse cancer code listed above. Samples with TCGA provenance (~9,500 samples) are extracted from this same file by `scripts/sweep_treehouse_tcga_cohorts.py` and tagged `source_cohort=TREEHOUSE_POLYA_25_01_TCGA_SAMPLES` so a future authoritative GDC build can land alongside without clobbering.",percentile_shard,pass,pass,pass,cancer_reference_expression_v5,5.23.25,5.22.14
SARC_EPITH,SARC_EPITH,default_available,tpm_clean,True,,TREEHOUSE_POLYA_25_01,Treehouse,,,treehouse-compendium,log2(TPM+1),linear_rnaseq_tpm,True,mixed,,,5,5,,Treehouse Tumor Compendium 25.01 PolyA (hugo_log2tpm_58581genes_2025-02-27); downloaded from public.gi.ucsc.edu/~ekephart/public-data/; HUGO symbols harmonized to Ensembl release 112; log2(TPM+1) inverse-transformed,"13,359 samples × 58,581 genes; matrix is RSEM log2(TPM+1) keyed by HUGO symbol. Builder inverse-transforms to TPM, subsets by `clinical.disease == <label>`, harmonizes HUGO to Ensembl release 112, sums TPM across symbols that collapse to the same ENSG, then applies the canonical 16/9/75 clean-TPM transform. Every measured censored gene receives the same Treehouse PolyA reference composition before stat summarization. Same builder is parameterized for every Treehouse cancer code listed above. Samples with TCGA provenance (~9,500 samples) are extracted from this same file by `scripts/sweep_treehouse_tcga_cohorts.py` and tagged `source_cohort=TREEHOUSE_POLYA_25_01_TCGA_SAMPLES` so a future authoritative GDC build can land alongside without clobbering.",percentile_shard,pass,pass,pass,cancer_reference_expression_v5,5.23.25,5.22.14
SARC_ESS_HG,SARC_ESS_HG,default_available,tpm_clean,False,artifact_sample_qc_mismatch,GSE85383_YOSHIDA_2017_ESS,GEO,GSE85383/GPL22303,,geo-microarray,TPM proxy,microarray_tpm_proxy,False,primary,,,4,4,,GPL22303 series-matrix log2 intensity with GPL13497 symbol bridge to TPM proxy; Ensembl 112,Primary endometrial stromal sarcoma samples only: 9 low-grade and 4 high-grade tumors selected from the 25-sample study. UUS and LMS samples are excluded. Microarray-derived TPM proxy preserves gene rank but is not directly comparable to absolute RNA-seq TPM.,percentile_shard,pass,pass,pass_or_warn,cancer_reference_expression_v5,5.23.25,5.22.14
SARC_ESS_LG,SARC_ESS_LG,default_available,tpm_clean,False,artifact_sample_qc_mismatch,GSE85383_YOSHIDA_2017_ESS,GEO,GSE85383/GPL22303,,geo-microarray,TPM proxy,microarray_tpm_proxy,False,primary,,,9,9,,GPL22303 series-matrix log2 intensity with GPL13497 symbol bridge to TPM proxy; Ensembl 112,Primary endometrial stromal sarcoma samples only: 9 low-grade and 4 high-grade tumors selected from the 25-sample study. UUS and LMS samples are excluded. Microarray-derived TPM proxy preserves gene rank but is not directly comparable to absolute RNA-seq TPM.,percentile_shard,pass,pass,pass_or_warn,cancer_reference_expression_v5,5.23.25,5.22.14
SARC_EWS,SARC_EWS,default_available,tpm_clean,True,,TREEHOUSE_POLYA_25_01,Treehouse,,,treehouse-compendium,log2(TPM+1),linear_rnaseq_tpm,True,mixed,,,101,101,,Treehouse Tumor Compendium 25.01 PolyA (hugo_log2tpm_58581genes_2025-02-27); downloaded from public.gi.ucsc.edu/~ekephart/public-data/; HUGO symbols harmonized to Ensembl release 112; log2(TPM+1) inverse-transformed,"13,359 samples × 58,581 genes; matrix is RSEM log2(TPM+1) keyed by HUGO symbol. Builder inverse-transforms to TPM, subsets by `clinical.disease == <label>`, harmonizes HUGO to Ensembl release 112, sums TPM across symbols that collapse to the same ENSG, then applies the canonical 16/9/75 clean-TPM transform. Every measured censored gene receives the same Treehouse PolyA reference composition before stat summarization. Same builder is parameterized for every Treehouse cancer code listed above. Samples with TCGA provenance (~9,500 samples) are extracted from this same file by `scripts/sweep_treehouse_tcga_cohorts.py` and tagged `source_cohort=TREEHOUSE_POLYA_25_01_TCGA_SAMPLES` so a future authoritative GDC build can land alongside without clobbering.",percentile_shard,pass,pass,pass,cancer_reference_expression_v5,5.23.25,5.22.14
SARC_GIST,SARC_GIST,default_available,tpm_clean,True,,TREEHOUSE_POLYA_25_01,Treehouse,,,treehouse-compendium,log2(TPM+1),linear_rnaseq_tpm,True,mixed,,,19,19,,Treehouse Tumor Compendium 25.01 PolyA (hugo_log2tpm_58581genes_2025-02-27); downloaded from public.gi.ucsc.edu/~ekephart/public-data/; HUGO symbols harmonized to Ensembl release 112; log2(TPM+1) inverse-transformed,"13,359 samples × 58,581 genes; matrix is RSEM log2(TPM+1) keyed by HUGO symbol. Builder inverse-transforms to TPM, subsets by `clinical.disease == <label>`, harmonizes HUGO to Ensembl release 112, sums TPM across symbols that collapse to the same ENSG, then applies the canonical 16/9/75 clean-TPM transform. Every measured censored gene receives the same Treehouse PolyA reference composition before stat summarization. Same builder is parameterized for every Treehouse cancer code listed above. Samples with TCGA provenance (~9,500 samples) are extracted from this same file by `scripts/sweep_treehouse_tcga_cohorts.py` and tagged `source_cohort=TREEHOUSE_POLYA_25_01_TCGA_SAMPLES` so a future authoritative GDC build can land alongside without clobbering.",percentile_shard,pass,pass,pass,cancer_reference_expression_v5,5.23.25,5.22.14
SARC_IFS,SARC_IFS,default_available,tpm_clean,True,,TREEHOUSE_POLYA_25_01,Treehouse,,,treehouse-compendium,log2(TPM+1),linear_rnaseq_tpm,True,mixed,,,2,2,,Treehouse Tumor Compendium 25.01 PolyA (hugo_log2tpm_58581genes_2025-02-27); downloaded from public.gi.ucsc.edu/~ekephart/public-data/; HUGO symbols harmonized to Ensembl release 112; log2(TPM+1) inverse-transformed,"13,359 samples × 58,581 genes; matrix is RSEM log2(TPM+1) keyed by HUGO symbol. Builder inverse-transforms to TPM, subsets by `clinical.disease == <label>`, harmonizes HUGO to Ensembl release 112, sums TPM across symbols that collapse to the same ENSG, then applies the canonical 16/9/75 clean-TPM transform. Every measured censored gene receives the same Treehouse PolyA reference composition before stat summarization. Same builder is parameterized for every Treehouse cancer code listed above. Samples with TCGA provenance (~9,500 samples) are extracted from this same file by `scripts/sweep_treehouse_tcga_cohorts.py` and tagged `source_cohort=TREEHOUSE_POLYA_25_01_TCGA_SAMPLES` so a future authoritative GDC build can land alongside without clobbering.",percentile_shard,pass,pass,pass,cancer_reference_expression_v5,5.23.25,5.22.14
SARC_IMT,SARC_IMT,default_available,tpm_clean,True,,TREEHOUSE_POLYA_25_01,Treehouse,,,treehouse-compendium,log2(TPM+1),linear_rnaseq_tpm,True,mixed,,,4,4,,Treehouse Tumor Compendium 25.01 PolyA (hugo_log2tpm_58581genes_2025-02-27); downloaded from public.gi.ucsc.edu/~ekephart/public-data/; HUGO symbols harmonized to Ensembl release 112; log2(TPM+1) inverse-transformed,"13,359 samples × 58,581 genes; matrix is RSEM log2(TPM+1) keyed by HUGO symbol. Builder inverse-transforms to TPM, subsets by `clinical.disease == <label>`, harmonizes HUGO to Ensembl release 112, sums TPM across symbols that collapse to the same ENSG, then applies the canonical 16/9/75 clean-TPM transform. Every measured censored gene receives the same Treehouse PolyA reference composition before stat summarization. Same builder is parameterized for every Treehouse cancer code listed above. Samples with TCGA provenance (~9,500 samples) are extracted from this same file by `scripts/sweep_treehouse_tcga_cohorts.py` and tagged `source_cohort=TREEHOUSE_POLYA_25_01_TCGA_SAMPLES` so a future authoritative GDC build can land alongside without clobbering.",percentile_shard,pass,pass,pass,cancer_reference_expression_v5,5.23.25,5.22.14
SARC_KS,SARC_KS,default_available,tpm_clean,True,,GSE241095_KS_SKIN_2023,GEO,,,geo-matrix,TPM,linear_rnaseq_tpm,True,,,,10,10,,"PMID 37740179 (Kaposi sarcoma skin lesions, Lidenge 2023); gene-id-type=ensembl; unit=TPM; harmonized to Ensembl release 112",n=10 cutaneous KS lesions (sample IDs start KS_); 10 matched normals excluded by sample_filter. Companion GI shard adds another n=12 KS lesions if needed.,percentile_shard,pass,pass,pass,cancer_reference_expression_v5,5.23.25,5.22.14
SARC_LGFMS,SARC_LGFMS,default_available,tpm_clean,True,,TREEHOUSE_POLYA_25_01,Treehouse,,,treehouse-compendium,log2(TPM+1),linear_rnaseq_tpm,True,mixed,,,2,2,,Treehouse Tumor Compendium 25.01 PolyA (hugo_log2tpm_58581genes_2025-02-27); downloaded from public.gi.ucsc.edu/~ekephart/public-data/; HUGO symbols harmonized to Ensembl release 112; log2(TPM+1) inverse-transformed,"13,359 samples × 58,581 genes; matrix is RSEM log2(TPM+1) keyed by HUGO symbol. Builder inverse-transforms to TPM, subsets by `clinical.disease == <label>`, harmonizes HUGO to Ensembl release 112, sums TPM across symbols that collapse to the same ENSG, then applies the canonical 16/9/75 clean-TPM transform. Every measured censored gene receives the same Treehouse PolyA reference composition before stat summarization. Same builder is parameterized for every Treehouse cancer code listed above. Samples with TCGA provenance (~9,500 samples) are extracted from this same file by `scripts/sweep_treehouse_tcga_cohorts.py` and tagged `source_cohort=TREEHOUSE_POLYA_25_01_TCGA_SAMPLES` so a future authoritative GDC build can land alongside without clobbering.",percentile_shard,pass,pass,pass,cancer_reference_expression_v5,5.23.25,5.22.14
SARC_LMS,SARC_LMS,default_available,tpm_clean,True,,TREEHOUSE_POLYA_25_01,Treehouse,,,treehouse-compendium,log2(TPM+1),linear_rnaseq_tpm,True,mixed,,,151,151,,Treehouse Tumor Compendium 25.01 PolyA (hugo_log2tpm_58581genes_2025-02-27); downloaded from public.gi.ucsc.edu/~ekephart/public-data/; HUGO symbols harmonized to Ensembl release 112; log2(TPM+1) inverse-transformed,"13,359 samples × 58,581 genes; matrix is RSEM log2(TPM+1) keyed by HUGO symbol. Builder inverse-transforms to TPM, subsets by `clinical.disease == <label>`, harmonizes HUGO to Ensembl release 112, sums TPM across symbols that collapse to the same ENSG, then applies the canonical 16/9/75 clean-TPM transform. Every measured censored gene receives the same Treehouse PolyA reference composition before stat summarization. Same builder is parameterized for every Treehouse cancer code listed above. Samples with TCGA provenance (~9,500 samples) are extracted from this same file by `scripts/sweep_treehouse_tcga_cohorts.py` and tagged `source_cohort=TREEHOUSE_POLYA_25_01_TCGA_SAMPLES` so a future authoritative GDC build can land alongside without clobbering.",percentile_shard,pass,pass,pass,cancer_reference_expression_v5,5.23.25,5.22.14
SARC_LPS_UNSPEC,SARC_LPS_UNSPEC,default_available,tpm_clean,True,,TREEHOUSE_POLYA_25_01,Treehouse,,,treehouse-compendium,log2(TPM+1),linear_rnaseq_tpm,True,mixed,,,92,92,,Treehouse Tumor Compendium 25.01 PolyA (hugo_log2tpm_58581genes_2025-02-27); downloaded from public.gi.ucsc.edu/~ekephart/public-data/; HUGO symbols harmonized to Ensembl release 112; log2(TPM+1) inverse-transformed,"13,359 samples × 58,581 genes; matrix is RSEM log2(TPM+1) keyed by HUGO symbol. Builder inverse-transforms to TPM, subsets by `clinical.disease == <label>`, harmonizes HUGO to Ensembl release 112, sums TPM across symbols that collapse to the same ENSG, then applies the canonical 16/9/75 clean-TPM transform. Every measured censored gene receives the same Treehouse PolyA reference composition before stat summarization. Same builder is parameterized for every Treehouse cancer code listed above. Samples with TCGA provenance (~9,500 samples) are extracted from this same file by `scripts/sweep_treehouse_tcga_cohorts.py` and tagged `source_cohort=TREEHOUSE_POLYA_25_01_TCGA_SAMPLES` so a future authoritative GDC build can land alongside without clobbering.",percentile_shard,pass,pass,pass,cancer_reference_expression_v5,5.23.25,5.22.14
SARC_MMNST,SARC_MMNST,default_available,tpm_clean,True,,SRP493407_MMNST_2024,NCBI SRA Gene Feature counts,NCBI SRA Gene Feature analyses SRZ3595337/SRZ3709728/SRZ3615119/SRZ3647871/SRZ3665545/SRZ3633285; RefSeq GCF_000001405.40-RS_2025_08 length reference; harmonized to Ensembl release 112,,sra-ncbi-counts,NCBI Gene Feature count-derived TPM,ncbi_gene_feature_count_tpm,True,primary,,,3,3,,ncbi_sra_gene_feature_counts_refseq2025_gene_length_tpm_oncoref_canonical_clean_tpm_16_9_75,"Three primary MMNST tumors and three independent normal-nerve donor controls. NCBI-generated gene-count tables for all six runs are recorded in the build audit; only the tumor runs enter the SARC_MMNST reference matrix. The paper reports oligo(dT) mRNA enrichment, while INSDC metadata report random library selection. This ultra-rare n=3 cohort has thin tail estimates.",percentile_shard,pass,pass,pass,cancer_reference_expression_v5,5.23.25,5.22.14
SARC_MPNST,SARC_MPNST,default_available,tpm_clean,True,,TREEHOUSE_POLYA_25_01,Treehouse,,,treehouse-compendium,log2(TPM+1),linear_rnaseq_tpm,True,mixed,,,13,13,,Treehouse Tumor Compendium 25.01 PolyA (hugo_log2tpm_58581genes_2025-02-27); downloaded from public.gi.ucsc.edu/~ekephart/public-data/; HUGO symbols harmonized to Ensembl release 112; log2(TPM+1) inverse-transformed,"13,359 samples × 58,581 genes; matrix is RSEM log2(TPM+1) keyed by HUGO symbol. Builder inverse-transforms to TPM, subsets by `clinical.disease == <label>`, harmonizes HUGO to Ensembl release 112, sums TPM across symbols that collapse to the same ENSG, then applies the canonical 16/9/75 clean-TPM transform. Every measured censored gene receives the same Treehouse PolyA reference composition before stat summarization. Same builder is parameterized for every Treehouse cancer code listed above. Samples with TCGA provenance (~9,500 samples) are extracted from this same file by `scripts/sweep_treehouse_tcga_cohorts.py` and tagged `source_cohort=TREEHOUSE_POLYA_25_01_TCGA_SAMPLES` so a future authoritative GDC build can land alongside without clobbering.",percentile_shard,pass,pass,pass,cancer_reference_expression_v5,5.23.25,5.22.14
SARC_MYXFIB,SARC_MYXFIB,default_available,tpm_clean,True,,TREEHOUSE_POLYA_25_01,Treehouse,,,treehouse-compendium,log2(TPM+1),linear_rnaseq_tpm,True,mixed,,,41,41,,Treehouse Tumor Compendium 25.01 PolyA (hugo_log2tpm_58581genes_2025-02-27); downloaded from public.gi.ucsc.edu/~ekephart/public-data/; HUGO symbols harmonized to Ensembl release 112; log2(TPM+1) inverse-transformed,"13,359 samples × 58,581 genes; matrix is RSEM log2(TPM+1) keyed by HUGO symbol. Builder inverse-transforms to TPM, subsets by `clinical.disease == <label>`, harmonizes HUGO to Ensembl release 112, sums TPM across symbols that collapse to the same ENSG, then applies the canonical 16/9/75 clean-TPM transform. Every measured censored gene receives the same Treehouse PolyA reference composition before stat summarization. Same builder is parameterized for every Treehouse cancer code listed above. Samples with TCGA provenance (~9,500 samples) are extracted from this same file by `scripts/sweep_treehouse_tcga_cohorts.py` and tagged `source_cohort=TREEHOUSE_POLYA_25_01_TCGA_SAMPLES` so a future authoritative GDC build can land alongside without clobbering.",percentile_shard,pass,pass,pass,cancer_reference_expression_v5,5.23.25,5.22.14
SARC_MYXLPS,SARC_MYXLPS,default_available,tpm_clean,False,artifact_sample_qc_mismatch,GSE30929_SINGER_2007_LPS,GEO,,,geo-microarray,TPM proxy,microarray_tpm_proxy,False,primary,,,28,28,,GPL96 microarray; series_matrix log2 intensity → probe-max → anti-log2 → per-sample sum-to-1e6 (TPM proxy); HUGO harmonized to Ensembl release 112,"Affymetrix HG-U133A (GPL96) microarray; 140 primary liposarcomas from MSKCC, explicitly histology-tagged via char_subtype: 52 WD-LPS, 40 DD-LPS, 20 pleomorphic, 17 myxoid, 11 myxoid/round-cell. The round-cell variant IS high-grade myxoid LPS (WHO grade III, same FUS::DDIT3 fusion entity), so both collapse to SARC_MYXLPS (n=28). Builds 4 shards from one cohort via sample_include_regex (matched against char_subtype). MYXLPS biology validates: FABP4 2799 / ADIPOQ 917 / PPARG 424 (adipogenic program), FUS+DDIT3 both ~165 (fusion partners both expressed), STAT3 253 + JAK1 207 (FUS-DDIT3/JAK-STAT axis per PMC8851354).",percentile_shard,pass,pass,pass_or_warn,cancer_reference_expression_v5,5.23.25,5.22.14
SARC_OS,SARC_OS,default_available,tpm_clean,True,,TREEHOUSE_POLYA_25_01,Treehouse,,,treehouse-compendium,log2(TPM+1),linear_rnaseq_tpm,True,mixed,,,262,262,,Treehouse Tumor Compendium 25.01 PolyA (hugo_log2tpm_58581genes_2025-02-27); downloaded from public.gi.ucsc.edu/~ekephart/public-data/; HUGO symbols harmonized to Ensembl release 112; log2(TPM+1) inverse-transformed,"13,359 samples × 58,581 genes; matrix is RSEM log2(TPM+1) keyed by HUGO symbol. Builder inverse-transforms to TPM, subsets by `clinical.disease == <label>`, harmonizes HUGO to Ensembl release 112, sums TPM across symbols that collapse to the same ENSG, then applies the canonical 16/9/75 clean-TPM transform. Every measured censored gene receives the same Treehouse PolyA reference composition before stat summarization. Same builder is parameterized for every Treehouse cancer code listed above. Samples with TCGA provenance (~9,500 samples) are extracted from this same file by `scripts/sweep_treehouse_tcga_cohorts.py` and tagged `source_cohort=TREEHOUSE_POLYA_25_01_TCGA_SAMPLES` so a future authoritative GDC build can land alongside without clobbering.",percentile_shard,pass,pass,pass,cancer_reference_expression_v5,5.23.25,5.22.14
SARC_PEC,SARC_PEC,default_available,tpm_clean,True,,GSE328026_PECOMA_2026,GEO,"GSE328026 (PEComa TPMs, PMID 42331846, public Apr 2026); gene-id-type=hugo; unit=TPM; harmonized to Ensembl release 112",PMID:42331846,geo-matrix,TPM,linear_rnaseq_tpm,True,,,,66,66,,gse328026_pecoma_2026_tpm_to_tpm_ensembl112_clean_tpm_16_9_75,PEComa TPM source matrix n=69; released reference artifacts use 66 sample_expression_qc_v3 pass samples; harmonized to Ensembl 112.,percentile_shard,pass,pass,pass,cancer_reference_expression_v5,5.23.25,5.22.14
SARC_PLEOLPS,SARC_PLEOLPS,default_available,tpm_clean,True,,GSE75885_DELESPAUL_2017,GEO,,,geo-rnaseq,RPKM,linear_rnaseq_tpm,True,,,,4,4,,Imported from cohort-level tumor-TPM summaries; source rows are symbol-only median/Q1/Q3 summaries; symbols harmonized to current Ensembl release 112 IDs by unique current gene name or conservative unique historical Ensembl-name rescue; imported 2026-05-19,"Soft-tissue sarcoma subtypes (DDLPS n=19, PLEOLPS n=4, LGFMS n=2) from the GEO processed RNA-seq matrix (GSE75885_Expression_117_sarcomas.tsv.gz), per-sample subtype from series-matrix !Sample_title. Per-sample build (#305) replacing the lost summary-only import. The 117-sample matrix also holds LMS/UPS/MFS/pleomorphic-RMS other sources already cover.",percentile_shard,pass,pass,pass,cancer_reference_expression_v5,5.23.25,5.22.14
SARC_RMS_ARMS,SARC_RMS_ARMS,default_available,tpm_clean,True,,TREEHOUSE_POLYA_25_01,Treehouse,,,treehouse-compendium,log2(TPM+1),linear_rnaseq_tpm,True,mixed,,,73,73,,Treehouse Tumor Compendium 25.01 PolyA (hugo_log2tpm_58581genes_2025-02-27); downloaded from public.gi.ucsc.edu/~ekephart/public-data/; HUGO symbols harmonized to Ensembl release 112; log2(TPM+1) inverse-transformed,"13,359 samples × 58,581 genes; matrix is RSEM log2(TPM+1) keyed by HUGO symbol. Builder inverse-transforms to TPM, subsets by `clinical.disease == <label>`, harmonizes HUGO to Ensembl release 112, sums TPM across symbols that collapse to the same ENSG, then applies the canonical 16/9/75 clean-TPM transform. Every measured censored gene receives the same Treehouse PolyA reference composition before stat summarization. Same builder is parameterized for every Treehouse cancer code listed above. Samples with TCGA provenance (~9,500 samples) are extracted from this same file by `scripts/sweep_treehouse_tcga_cohorts.py` and tagged `source_cohort=TREEHOUSE_POLYA_25_01_TCGA_SAMPLES` so a future authoritative GDC build can land alongside without clobbering.",percentile_shard,pass,pass,pass,cancer_reference_expression_v5,5.23.25,5.22.14
SARC_RMS_ERMS,SARC_RMS_ERMS,default_available,tpm_clean,True,,TREEHOUSE_POLYA_25_01,Treehouse,,,treehouse-compendium,log2(TPM+1),linear_rnaseq_tpm,True,mixed,,,95,95,,Treehouse Tumor Compendium 25.01 PolyA (hugo_log2tpm_58581genes_2025-02-27); downloaded from public.gi.ucsc.edu/~ekephart/public-data/; HUGO symbols harmonized to Ensembl release 112; log2(TPM+1) inverse-transformed,"13,359 samples × 58,581 genes; matrix is RSEM log2(TPM+1) keyed by HUGO symbol. Builder inverse-transforms to TPM, subsets by `clinical.disease == <label>`, harmonizes HUGO to Ensembl release 112, sums TPM across symbols that collapse to the same ENSG, then applies the canonical 16/9/75 clean-TPM transform. Every measured censored gene receives the same Treehouse PolyA reference composition before stat summarization. Same builder is parameterized for every Treehouse cancer code listed above. Samples with TCGA provenance (~9,500 samples) are extracted from this same file by `scripts/sweep_treehouse_tcga_cohorts.py` and tagged `source_cohort=TREEHOUSE_POLYA_25_01_TCGA_SAMPLES` so a future authoritative GDC build can land alongside without clobbering.",percentile_shard,pass,pass,pass,cancer_reference_expression_v5,5.23.25,5.22.14
SARC_RMS_PRMS,SARC_RMS_PRMS,default_available,tpm_clean,True,,TREEHOUSE_POLYA_25_01,Treehouse,,,treehouse-compendium,log2(TPM+1),linear_rnaseq_tpm,True,mixed,,,6,6,,Treehouse Tumor Compendium 25.01 PolyA (hugo_log2tpm_58581genes_2025-02-27); downloaded from public.gi.ucsc.edu/~ekephart/public-data/; HUGO symbols harmonized to Ensembl release 112; log2(TPM+1) inverse-transformed,"13,359 samples × 58,581 genes; matrix is RSEM log2(TPM+1) keyed by HUGO symbol. Builder inverse-transforms to TPM, subsets by `clinical.disease == <label>`, harmonizes HUGO to Ensembl release 112, sums TPM across symbols that collapse to the same ENSG, then applies the canonical 16/9/75 clean-TPM transform. Every measured censored gene receives the same Treehouse PolyA reference composition before stat summarization. Same builder is parameterized for every Treehouse cancer code listed above. Samples with TCGA provenance (~9,500 samples) are extracted from this same file by `scripts/sweep_treehouse_tcga_cohorts.py` and tagged `source_cohort=TREEHOUSE_POLYA_25_01_TCGA_SAMPLES` so a future authoritative GDC build can land alongside without clobbering.",percentile_shard,pass,pass,pass,cancer_reference_expression_v5,5.23.25,5.22.14
SARC_RMS_SSRMS,SARC_RMS_SSRMS,default_available,tpm_clean,True,,TREEHOUSE_POLYA_25_01,Treehouse,,,treehouse-compendium,log2(TPM+1),linear_rnaseq_tpm,True,mixed,,,8,8,,Treehouse Tumor Compendium 25.01 PolyA (hugo_log2tpm_58581genes_2025-02-27); downloaded from public.gi.ucsc.edu/~ekephart/public-data/; HUGO symbols harmonized to Ensembl release 112; log2(TPM+1) inverse-transformed,"13,359 samples × 58,581 genes; matrix is RSEM log2(TPM+1) keyed by HUGO symbol. Builder inverse-transforms to TPM, subsets by `clinical.disease == <label>`, harmonizes HUGO to Ensembl release 112, sums TPM across symbols that collapse to the same ENSG, then applies the canonical 16/9/75 clean-TPM transform. Every measured censored gene receives the same Treehouse PolyA reference composition before stat summarization. Same builder is parameterized for every Treehouse cancer code listed above. Samples with TCGA provenance (~9,500 samples) are extracted from this same file by `scripts/sweep_treehouse_tcga_cohorts.py` and tagged `source_cohort=TREEHOUSE_POLYA_25_01_TCGA_SAMPLES` so a future authoritative GDC build can land alongside without clobbering.",percentile_shard,pass,pass,pass,cancer_reference_expression_v5,5.23.25,5.22.14
SARC_SYN,SARC_SYN,default_available,tpm_clean,True,,TREEHOUSE_POLYA_25_01,Treehouse,,,treehouse-compendium,log2(TPM+1),linear_rnaseq_tpm,True,mixed,,,50,50,,Treehouse Tumor Compendium 25.01 PolyA (hugo_log2tpm_58581genes_2025-02-27); downloaded from public.gi.ucsc.edu/~ekephart/public-data/; HUGO symbols harmonized to Ensembl release 112; log2(TPM+1) inverse-transformed,"13,359 samples × 58,581 genes; matrix is RSEM log2(TPM+1) keyed by HUGO symbol. Builder inverse-transforms to TPM, subsets by `clinical.disease == <label>`, harmonizes HUGO to Ensembl release 112, sums TPM across symbols that collapse to the same ENSG, then applies the canonical 16/9/75 clean-TPM transform. Every measured censored gene receives the same Treehouse PolyA reference composition before stat summarization. Same builder is parameterized for every Treehouse cancer code listed above. Samples with TCGA provenance (~9,500 samples) are extracted from this same file by `scripts/sweep_treehouse_tcga_cohorts.py` and tagged `source_cohort=TREEHOUSE_POLYA_25_01_TCGA_SAMPLES` so a future authoritative GDC build can land alongside without clobbering.",percentile_shard,pass,pass,pass,cancer_reference_expression_v5,5.23.25,5.22.14
SARC_UPS,SARC_UPS,default_available,tpm_clean,True,,TREEHOUSE_POLYA_25_01,Treehouse,,,treehouse-compendium,log2(TPM+1),linear_rnaseq_tpm,True,mixed,,,110,110,,Treehouse Tumor Compendium 25.01 PolyA (hugo_log2tpm_58581genes_2025-02-27); downloaded from public.gi.ucsc.edu/~ekephart/public-data/; HUGO symbols harmonized to Ensembl release 112; log2(TPM+1) inverse-transformed,"13,359 samples × 58,581 genes; matrix is RSEM log2(TPM+1) keyed by HUGO symbol. Builder inverse-transforms to TPM, subsets by `clinical.disease == <label>`, harmonizes HUGO to Ensembl release 112, sums TPM across symbols that collapse to the same ENSG, then applies the canonical 16/9/75 clean-TPM transform. Every measured censored gene receives the same Treehouse PolyA reference composition before stat summarization. Same builder is parameterized for every Treehouse cancer code listed above. Samples with TCGA provenance (~9,500 samples) are extracted from this same file by `scripts/sweep_treehouse_tcga_cohorts.py` and tagged `source_cohort=TREEHOUSE_POLYA_25_01_TCGA_SAMPLES` so a future authoritative GDC build can land alongside without clobbering.",percentile_shard,pass,pass,pass,cancer_reference_expression_v5,5.23.25,5.22.14
SARC_WDLPS,SARC_WDLPS,default_available,tpm_clean,True,,TREEHOUSE_POLYA_25_01_TCGA_SARC_HISTOLOGY,Treehouse (TCGA-SARC) x GDC primary diagnosis,,,treehouse-compendium,log2(TPM+1),linear_rnaseq_tpm,True,primary,,,5,5,,Treehouse Tumor Compendium 25.01 PolyA TCGA-SARC liposarcoma samples × GDC diagnoses.primary_diagnosis histology labels; HUGO symbols harmonized to Ensembl release 112; log2(TPM+1) inverse-transformed,"Treehouse carries TCGA-SARC liposarcoma samples in one parent liposarcoma disease bucket. This source joins each TCGA sample barcode prefix to the GDC TCGA-SARC diagnoses.primary_diagnosis table and routes well-differentiated, dedifferentiated, and pleomorphic liposarcoma separately. The two-sample PLEOLPS overlay is published as an additional source; the four-sample GSE75885 RNA-seq matrix remains its selected raw source matrix.",percentile_shard,pass,pass,pass,cancer_reference_expression_v5,5.23.25,5.22.14
SCLC,SCLC,default_available,tpm_clean,True,,SCLC_UCOLOGNE_2015,University of Cologne,,,geo-matrix,FPKM,linear_rnaseq_tpm,True,,,,81,81,,"SCLC UCologne 2015 (George 2015, PMID 26168399) RNA-seq FPKM from cBioPortal datahub sclc_ucologne_2015; FPKM → TPM by per-sample sum-to-1e6; HUGO symbols harmonized to Ensembl release 112",Small-cell lung cancer summary import.,percentile_shard,pass,pass,pass,cancer_reference_expression_v5,5.23.25,5.22.14
SCLC_ASCL1,SCLC_ASCL1,default_available,tpm_clean,True,,SCLC_UCOLOGNE_2015,University of Cologne,,,geo-matrix,FPKM,linear_rnaseq_tpm,True,,,,61,61,,"SCLC UCologne 2015 (George 2015, PMID 26168399) RNA-seq FPKM from cBioPortal datahub sclc_ucologne_2015; FPKM → TPM by per-sample sum-to-1e6; HUGO symbols harmonized to Ensembl release 112",Small-cell lung cancer summary import.,percentile_shard,pass,pass,pass,cancer_reference_expression_v5,5.23.25,5.22.14
SCLC_NEUROD1,SCLC_NEUROD1,default_available,tpm_clean,True,,SCLC_UCOLOGNE_2015,University of Cologne,,,geo-matrix,FPKM,linear_rnaseq_tpm,True,,,,8,8,,"SCLC UCologne 2015 (George 2015, PMID 26168399) RNA-seq FPKM from cBioPortal datahub sclc_ucologne_2015; FPKM → TPM by per-sample sum-to-1e6; HUGO symbols harmonized to Ensembl release 112",Small-cell lung cancer summary import.,percentile_shard,pass,pass,pass,cancer_reference_expression_v5,5.23.25,5.22.14
SCLC_POU2F3,SCLC_POU2F3,default_available,tpm_clean,True,,SCLC_UCOLOGNE_2015,University of Cologne,,,geo-matrix,FPKM,linear_rnaseq_tpm,True,,,,10,10,,"SCLC UCologne 2015 (George 2015, PMID 26168399) RNA-seq FPKM from cBioPortal datahub sclc_ucologne_2015; FPKM → TPM by per-sample sum-to-1e6; HUGO symbols harmonized to Ensembl release 112",Small-cell lung cancer summary import.,percentile_shard,pass,pass,pass,cancer_reference_expression_v5,5.23.25,5.22.14
SCLC_YAP1,SCLC_YAP1,default_available,tpm_clean,True,,SCLC_UCOLOGNE_2015,University of Cologne,,,geo-matrix,FPKM,linear_rnaseq_tpm,True,,,,2,2,,"SCLC UCologne 2015 (George 2015, PMID 26168399) RNA-seq FPKM from cBioPortal datahub sclc_ucologne_2015; FPKM → TPM by per-sample sum-to-1e6; HUGO symbols harmonized to Ensembl release 112",Small-cell lung cancer summary import.,percentile_shard,pass,pass,pass,cancer_reference_expression_v5,5.23.25,5.22.14
SKCM,SKCM,default_available,tpm_clean,True,,TREEHOUSE_POLYA_25_01_TCGA_SAMPLES,Treehouse (TCGA samples),,,treehouse-compendium,log2(TPM+1),linear_rnaseq_tpm,True,mixed,,,469,469,,Treehouse Tumor Compendium 25.01 PolyA samples selected by TCGA provenance (hugo_log2tpm_58581genes_2025-02-27); downloaded from public.gi.ucsc.edu/~ekephart/public-data/; HUGO symbols harmonized to Ensembl release 112; log2(TPM+1) inverse-transformed,"TCGA-only subset of the Treehouse 25.01 PolyA compendium. Samples are selected by matching the Treehouse clinical disease label and requiring `th_dataset_id` to start with `TCGA`. This deliberately excludes GBM/LGG, SARC, and subtype cohorts that require additional cBioPortal, GDC, or histology side tables; those remain source-specific follow-ups under oncoref#296. Uses its own source_cohort so a future authoritative GDC STAR-counts build can coexist without clobbering Treehouse-derived artifacts.",percentile_shard,pass,pass,pass,cancer_reference_expression_v5,5.23.25,5.22.14
STAD,STAD,default_available,tpm_clean,True,,TREEHOUSE_POLYA_25_01_TCGA_SAMPLES,Treehouse (TCGA samples),,,treehouse-compendium,log2(TPM+1),linear_rnaseq_tpm,True,mixed,,,413,413,,Treehouse Tumor Compendium 25.01 PolyA samples selected by TCGA provenance (hugo_log2tpm_58581genes_2025-02-27); downloaded from public.gi.ucsc.edu/~ekephart/public-data/; HUGO symbols harmonized to Ensembl release 112; log2(TPM+1) inverse-transformed,"TCGA-only subset of the Treehouse 25.01 PolyA compendium. Samples are selected by matching the Treehouse clinical disease label and requiring `th_dataset_id` to start with `TCGA`. This deliberately excludes GBM/LGG, SARC, and subtype cohorts that require additional cBioPortal, GDC, or histology side tables; those remain source-specific follow-ups under oncoref#296. Uses its own source_cohort so a future authoritative GDC STAR-counts build can coexist without clobbering Treehouse-derived artifacts.",percentile_shard,pass,pass,pass,cancer_reference_expression_v5,5.23.25,5.22.14
STAD_CIN,STAD_CIN,default_available,tpm_clean,True,,TREEHOUSE_POLYA_25_01_TCGA_STAD_SUBTYPE,Treehouse (TCGA-STAD) x cBioPortal molecular subtype,,,treehouse-compendium,log2(TPM+1),linear_rnaseq_tpm,True,primary,,,221,221,,Treehouse Tumor Compendium 25.01 PolyA TCGA-STAD samples × cBioPortal stad_tcga_pan_can_atlas_2018 SUBTYPE calls (Cancer Genome Atlas 2014 PMID 25079317); HUGO symbols harmonized to Ensembl release 112; log2(TPM+1) inverse-transformed,"Treehouse carries TCGA-STAD samples in the parent stomach adenocarcinoma disease bucket. This source joins each TCGA sample barcode prefix to cBioPortal PanCancer Atlas patient SUBTYPE calls and routes EBV, MSI, genomically stable, and chromosomal-instability cohorts separately. The cBioPortal STAD_POLE label is intentionally not routed because oncoref does not currently carry a STAD_POLE registry code.",percentile_shard,pass,pass,pass,cancer_reference_expression_v5,5.23.25,5.22.14
STAD_EBV,STAD_EBV,default_available,tpm_clean,True,,TREEHOUSE_POLYA_25_01_TCGA_STAD_SUBTYPE,Treehouse (TCGA-STAD) x cBioPortal molecular subtype,,,treehouse-compendium,log2(TPM+1),linear_rnaseq_tpm,True,primary,,,30,30,,Treehouse Tumor Compendium 25.01 PolyA TCGA-STAD samples × cBioPortal stad_tcga_pan_can_atlas_2018 SUBTYPE calls (Cancer Genome Atlas 2014 PMID 25079317); HUGO symbols harmonized to Ensembl release 112; log2(TPM+1) inverse-transformed,"Treehouse carries TCGA-STAD samples in the parent stomach adenocarcinoma disease bucket. This source joins each TCGA sample barcode prefix to cBioPortal PanCancer Atlas patient SUBTYPE calls and routes EBV, MSI, genomically stable, and chromosomal-instability cohorts separately. The cBioPortal STAD_POLE label is intentionally not routed because oncoref does not currently carry a STAD_POLE registry code.",percentile_shard,pass,pass,pass,cancer_reference_expression_v5,5.23.25,5.22.14
STAD_GS,STAD_GS,default_available,tpm_clean,True,,TREEHOUSE_POLYA_25_01_TCGA_STAD_SUBTYPE,Treehouse (TCGA-STAD) x cBioPortal molecular subtype,,,treehouse-compendium,log2(TPM+1),linear_rnaseq_tpm,True,primary,,,50,50,,Treehouse Tumor Compendium 25.01 PolyA TCGA-STAD samples × cBioPortal stad_tcga_pan_can_atlas_2018 SUBTYPE calls (Cancer Genome Atlas 2014 PMID 25079317); HUGO symbols harmonized to Ensembl release 112; log2(TPM+1) inverse-transformed,"Treehouse carries TCGA-STAD samples in the parent stomach adenocarcinoma disease bucket. This source joins each TCGA sample barcode prefix to cBioPortal PanCancer Atlas patient SUBTYPE calls and routes EBV, MSI, genomically stable, and chromosomal-instability cohorts separately. The cBioPortal STAD_POLE label is intentionally not routed because oncoref does not currently carry a STAD_POLE registry code.",percentile_shard,pass,pass,pass,cancer_reference_expression_v5,5.23.25,5.22.14
STAD_MSI,STAD_MSI,default_available,tpm_clean,True,,TREEHOUSE_POLYA_25_01_TCGA_STAD_SUBTYPE,Treehouse (TCGA-STAD) x cBioPortal molecular subtype,,,treehouse-compendium,log2(TPM+1),linear_rnaseq_tpm,True,primary,,,73,73,,Treehouse Tumor Compendium 25.01 PolyA TCGA-STAD samples × cBioPortal stad_tcga_pan_can_atlas_2018 SUBTYPE calls (Cancer Genome Atlas 2014 PMID 25079317); HUGO symbols harmonized to Ensembl release 112; log2(TPM+1) inverse-transformed,"Treehouse carries TCGA-STAD samples in the parent stomach adenocarcinoma disease bucket. This source joins each TCGA sample barcode prefix to cBioPortal PanCancer Atlas patient SUBTYPE calls and routes EBV, MSI, genomically stable, and chromosomal-instability cohorts separately. The cBioPortal STAD_POLE label is intentionally not routed because oncoref does not currently carry a STAD_POLE registry code.",percentile_shard,pass,pass,pass,cancer_reference_expression_v5,5.23.25,5.22.14
TGCT,TGCT,default_available,tpm_clean,True,,TREEHOUSE_POLYA_25_01_TCGA_SAMPLES,Treehouse (TCGA samples),,,treehouse-compendium,log2(TPM+1),linear_rnaseq_tpm,True,mixed,,,154,154,,Treehouse Tumor Compendium 25.01 PolyA samples selected by TCGA provenance (hugo_log2tpm_58581genes_2025-02-27); downloaded from public.gi.ucsc.edu/~ekephart/public-data/; HUGO symbols harmonized to Ensembl release 112; log2(TPM+1) inverse-transformed,"TCGA-only subset of the Treehouse 25.01 PolyA compendium. Samples are selected by matching the Treehouse clinical disease label and requiring `th_dataset_id` to start with `TCGA`. This deliberately excludes GBM/LGG, SARC, and subtype cohorts that require additional cBioPortal, GDC, or histology side tables; those remain source-specific follow-ups under oncoref#296. Uses its own source_cohort so a future authoritative GDC STAR-counts build can coexist without clobbering Treehouse-derived artifacts.",percentile_shard,pass,pass,pass,cancer_reference_expression_v5,5.23.25,5.22.14
THCA,THCA,default_available,tpm_clean,True,,TREEHOUSE_POLYA_25_01_TCGA_SAMPLES,Treehouse (TCGA samples),,,treehouse-compendium,log2(TPM+1),linear_rnaseq_tpm,True,mixed,,,512,512,,Treehouse Tumor Compendium 25.01 PolyA samples selected by TCGA provenance (hugo_log2tpm_58581genes_2025-02-27); downloaded from public.gi.ucsc.edu/~ekephart/public-data/; HUGO symbols harmonized to Ensembl release 112; log2(TPM+1) inverse-transformed,"TCGA-only subset of the Treehouse 25.01 PolyA compendium. Samples are selected by matching the Treehouse clinical disease label and requiring `th_dataset_id` to start with `TCGA`. This deliberately excludes GBM/LGG, SARC, and subtype cohorts that require additional cBioPortal, GDC, or histology side tables; those remain source-specific follow-ups under oncoref#296. Uses its own source_cohort so a future authoritative GDC STAR-counts build can coexist without clobbering Treehouse-derived artifacts.",percentile_shard,pass,pass,pass,cancer_reference_expression_v5,5.23.25,5.22.14
THYM,THYM,default_available,tpm_clean,True,,TREEHOUSE_POLYA_25_01_TCGA_SAMPLES,Treehouse (TCGA samples),,,treehouse-compendium,log2(TPM+1),linear_rnaseq_tpm,True,mixed,,,119,119,,Treehouse Tumor Compendium 25.01 PolyA samples selected by TCGA provenance (hugo_log2tpm_58581genes_2025-02-27); downloaded from public.gi.ucsc.edu/~ekephart/public-data/; HUGO symbols harmonized to Ensembl release 112; log2(TPM+1) inverse-transformed,"TCGA-only subset of the Treehouse 25.01 PolyA compendium. Samples are selected by matching the Treehouse clinical disease label and requiring `th_dataset_id` to start with `TCGA`. This deliberately excludes GBM/LGG, SARC, and subtype cohorts that require additional cBioPortal, GDC, or histology side tables; those remain source-specific follow-ups under oncoref#296. Uses its own source_cohort so a future authoritative GDC STAR-counts build can coexist without clobbering Treehouse-derived artifacts.",percentile_shard,pass,pass,pass,cancer_reference_expression_v5,5.23.25,5.22.14
T_ALL,T_ALL,default_available,tpm_clean,True,,TARGET_ALL_2018,TARGET ALL,,,gdc,TPM,linear_rnaseq_tpm,True,,,,264,264,,gdc_star_counts_tpm_ensembl112_clean_tpm_16_9_75,"Three TARGET ALL phases merged. GDC diagnoses do not encode B/T lineage; the builder routes cases from the public Phase 1/2 sample-matrix ""Cell of origin"" comments.",percentile_shard,pass,pass,pass,cancer_reference_expression_v5,5.23.25,5.22.14
UCEC,UCEC,default_available,tpm_clean,True,,TREEHOUSE_POLYA_25_01_TCGA_SAMPLES,Treehouse (TCGA samples),,,treehouse-compendium,log2(TPM+1),linear_rnaseq_tpm,True,mixed,,,181,181,,Treehouse Tumor Compendium 25.01 PolyA samples selected by TCGA provenance (hugo_log2tpm_58581genes_2025-02-27); downloaded from public.gi.ucsc.edu/~ekephart/public-data/; HUGO symbols harmonized to Ensembl release 112; log2(TPM+1) inverse-transformed,"TCGA-only subset of the Treehouse 25.01 PolyA compendium. Samples are selected by matching the Treehouse clinical disease label and requiring `th_dataset_id` to start with `TCGA`. This deliberately excludes GBM/LGG, SARC, and subtype cohorts that require additional cBioPortal, GDC, or histology side tables; those remain source-specific follow-ups under oncoref#296. Uses its own source_cohort so a future authoritative GDC STAR-counts build can coexist without clobbering Treehouse-derived artifacts.",percentile_shard,pass,pass,pass,cancer_reference_expression_v5,5.23.25,5.22.14
UCEC_CNH,UCEC_CNH,default_available,tpm_clean,True,,TREEHOUSE_POLYA_25_01_TCGA_UCEC_SUBTYPE,Treehouse (TCGA-UCEC) x cBioPortal molecular subtype,,,treehouse-compendium,log2(TPM+1),linear_rnaseq_tpm,True,primary,,,85,85,,Treehouse Tumor Compendium 25.01 PolyA TCGA-UCEC samples × cBioPortal ucec_tcga_pan_can_atlas_2018 SUBTYPE calls (Kandoth 2013 PMID 23636398); HUGO symbols harmonized to Ensembl release 112; log2(TPM+1) inverse-transformed,"Treehouse carries TCGA-UCEC samples in a parent uterine/endometrial disease bucket. This source joins each TCGA sample barcode prefix to cBioPortal PanCancer Atlas patient SUBTYPE calls and routes POLE, MSI, copy-number-low, and copy-number-high cohorts separately. It uses a distinct source_cohort from the unsplit UCEC cohort so subtype-derived references remain auditable.",percentile_shard,pass,pass,pass,cancer_reference_expression_v5,5.23.25,5.22.14
UCEC_CNL,UCEC_CNL,default_available,tpm_clean,True,,TREEHOUSE_POLYA_25_01_TCGA_UCEC_SUBTYPE,Treehouse (TCGA-UCEC) x cBioPortal molecular subtype,,,treehouse-compendium,log2(TPM+1),linear_rnaseq_tpm,True,primary,,,30,30,,Treehouse Tumor Compendium 25.01 PolyA TCGA-UCEC samples × cBioPortal ucec_tcga_pan_can_atlas_2018 SUBTYPE calls (Kandoth 2013 PMID 23636398); HUGO symbols harmonized to Ensembl release 112; log2(TPM+1) inverse-transformed,"Treehouse carries TCGA-UCEC samples in a parent uterine/endometrial disease bucket. This source joins each TCGA sample barcode prefix to cBioPortal PanCancer Atlas patient SUBTYPE calls and routes POLE, MSI, copy-number-low, and copy-number-high cohorts separately. It uses a distinct source_cohort from the unsplit UCEC cohort so subtype-derived references remain auditable.",percentile_shard,pass,pass,pass,cancer_reference_expression_v5,5.23.25,5.22.14
UCEC_MSI,UCEC_MSI,default_available,tpm_clean,True,,TREEHOUSE_POLYA_25_01_TCGA_UCEC_SUBTYPE,Treehouse (TCGA-UCEC) x cBioPortal molecular subtype,,,treehouse-compendium,log2(TPM+1),linear_rnaseq_tpm,True,primary,,,41,41,,Treehouse Tumor Compendium 25.01 PolyA TCGA-UCEC samples × cBioPortal ucec_tcga_pan_can_atlas_2018 SUBTYPE calls (Kandoth 2013 PMID 23636398); HUGO symbols harmonized to Ensembl release 112; log2(TPM+1) inverse-transformed,"Treehouse carries TCGA-UCEC samples in a parent uterine/endometrial disease bucket. This source joins each TCGA sample barcode prefix to cBioPortal PanCancer Atlas patient SUBTYPE calls and routes POLE, MSI, copy-number-low, and copy-number-high cohorts separately. It uses a distinct source_cohort from the unsplit UCEC cohort so subtype-derived references remain auditable.",percentile_shard,pass,pass,pass,cancer_reference_expression_v5,5.23.25,5.22.14
UCEC_POLE,UCEC_POLE,default_available,tpm_clean,True,,TREEHOUSE_POLYA_25_01_TCGA_UCEC_SUBTYPE,Treehouse (TCGA-UCEC) x cBioPortal molecular subtype,,,treehouse-compendium,log2(TPM+1),linear_rnaseq_tpm,True,primary,,,16,16,,Treehouse Tumor Compendium 25.01 PolyA TCGA-UCEC samples × cBioPortal ucec_tcga_pan_can_atlas_2018 SUBTYPE calls (Kandoth 2013 PMID 23636398); HUGO symbols harmonized to Ensembl release 112; log2(TPM+1) inverse-transformed,"Treehouse carries TCGA-UCEC samples in a parent uterine/endometrial disease bucket. This source joins each TCGA sample barcode prefix to cBioPortal PanCancer Atlas patient SUBTYPE calls and routes POLE, MSI, copy-number-low, and copy-number-high cohorts separately. It uses a distinct source_cohort from the unsplit UCEC cohort so subtype-derived references remain auditable.",percentile_shard,pass,pass,pass,cancer_reference_expression_v5,5.23.25,5.22.14
UCS,UCS,default_available,tpm_clean,True,,TREEHOUSE_POLYA_25_01_TCGA_SAMPLES,Treehouse (TCGA samples),,,treehouse-compendium,log2(TPM+1),linear_rnaseq_tpm,True,mixed,,,57,57,,Treehouse Tumor Compendium 25.01 PolyA samples selected by TCGA provenance (hugo_log2tpm_58581genes_2025-02-27); downloaded from public.gi.ucsc.edu/~ekephart/public-data/; HUGO symbols harmonized to Ensembl release 112; log2(TPM+1) inverse-transformed,"TCGA-only subset of the Treehouse 25.01 PolyA compendium. Samples are selected by matching the Treehouse clinical disease label and requiring `th_dataset_id` to start with `TCGA`. This deliberately excludes GBM/LGG, SARC, and subtype cohorts that require additional cBioPortal, GDC, or histology side tables; those remain source-specific follow-ups under oncoref#296. Uses its own source_cohort so a future authoritative GDC STAR-counts build can coexist without clobbering Treehouse-derived artifacts.",percentile_shard,pass,pass,pass,cancer_reference_expression_v5,5.23.25,5.22.14
UVM,UVM,default_available,tpm_clean,True,,TREEHOUSE_POLYA_25_01_TCGA_SAMPLES,Treehouse (TCGA samples),,,treehouse-compendium,log2(TPM+1),linear_rnaseq_tpm,True,mixed,,,79,79,,Treehouse Tumor Compendium 25.01 PolyA samples selected by TCGA provenance (hugo_log2tpm_58581genes_2025-02-27); downloaded from public.gi.ucsc.edu/~ekephart/public-data/; HUGO symbols harmonized to Ensembl release 112; log2(TPM+1) inverse-transformed,"TCGA-only subset of the Treehouse 25.01 PolyA compendium. Samples are selected by matching the Treehouse clinical disease label and requiring `th_dataset_id` to start with `TCGA`. This deliberately excludes GBM/LGG, SARC, and subtype cohorts that require additional cBioPortal, GDC, or histology side tables; those remain source-specific follow-ups under oncoref#296. Uses its own source_cohort so a future authoritative GDC STAR-counts build can coexist without clobbering Treehouse-derived artifacts.",percentile_shard,pass,pass,pass,cancer_reference_expression_v5,5.23.25,5.22.14
VSCC,VSCC,default_available,tpm_clean,True,,SRP449588_VSCC_2024,NCBI SRA Gene Feature counts,NCBI SRA Gene Feature analyses SRZ1277119/SRZ1610788/SRZ1611554/SRZ1278215/SRZ1276871/SRZ1277376/SRZ1277597/SRZ1277053/SRZ1611176 (scf_rnaseq_gene_counts 0.5.6); RefSeq GCF_000001405.40-RS_2025_08 length reference; harmonized to Ensembl release 112,PMID:38898085,sra-ncbi-counts,NCBI Gene Feature count-derived TPM,ncbi_gene_feature_count_tpm,True,mixed,,,9,9,,ncbi_sra_gene_feature_counts_refseq2025_gene_length_tpm_oncoref_canonical_clean_tpm_16_9_75,"Nine independent invasive vulvar squamous cell carcinomas with RIN above 6 were selected from the thirteen-tumor study and sequenced as poly(A), paired-end bulk RNA-seq. Tumors 1-4, 6, and 9 were reported as primary; Tumors 5, 7, and 8 as recurrent; and the Tumor 2 biopsy came from a metastatic site. This mixed-origin n=9 cohort is a direct reference but remains reference-only rather than independently classification-ready. Direct per-tumor HPV evidence is preserved in the molecular-provenance manifest and is never inferred from diagnosis or expression.",percentile_shard,pass,pass,pass,cancer_reference_expression_v5,5.23.25,5.22.14
WILMS,WILMS,default_available,tpm_clean,True,,TARGET_WT_2015,TARGET Wilms Tumor,,,gdc,TPM,linear_rnaseq_tpm,True,,,,125,125,,gdc_star_counts_tpm_ensembl112_clean_tpm_16_9_75,Backfill candidate from GDC.,percentile_shard,pass,pass,pass,cancer_reference_expression_v5,5.23.25,5.22.14
cSCC,cSCC,default_available,tpm_clean,False,artifact_sample_qc_mismatch,GSE125285_BCC_CSCC,GEO,,PMID:33997165,geo-rnaseq-cpm-proxy,nCPM proxy,bulk_rnaseq_cpm_proxy,False,primary,,,10,10,,gse125285_log2_cpm_inverse_ncpm_proxy_ensembl112_clean_tpm_16_9_75,"Select the 25 diagnosis-confirmed BCC tumors and 10 diagnosis-confirmed cSCC tumors from the 70-sample paired study; retain all 35 matched adjacent normals as explicit exclusions. Invert author log2(CPM+1) and rescale each tumor to nCPM. The result preserves within-sample ranks but lacks gene-length normalization, so it is neither bulk-TPM comparable nor, by itself, classification-ready.",percentile_shard,pass,pass,pass_or_warn,cancer_reference_expression_v5,5.23.25,5.22.14
